

============================== 19:39:23.034625 | fa6d66bd-f429-4f4f-9470-a0d3e211362a ==============================
[0m19:39:23.034625 [info ] [Dummy-1   ]: Running with dbt=1.9.4
[0m19:39:23.035720 [debug] [Dummy-1   ]: running dbt with arguments {'printer_width': '80', 'indirect_selection': 'eager', 'write_json': 'True', 'log_cache_events': 'False', 'partial_parse': 'True', 'cache_selected_only': 'False', 'profiles_dir': '/tmp/dbt/', 'fail_fast': 'False', 'debug': 'False', 'log_path': '/tmp/dbt/logs', 'warn_error': 'None', 'version_check': 'True', 'use_colors': 'True', 'use_experimental_parser': 'False', 'no_print': 'None', 'quiet': 'False', 'empty': 'None', 'warn_error_options': 'WarnErrorOptions(include=[], exclude=[])', 'invocation_command': 'dbt ', 'static_parser': 'True', 'log_format': 'default', 'target_path': '/tmp/dbt/target/', 'introspect': 'True', 'send_anonymous_usage_stats': 'False'}
[0m19:39:23.410843 [info ] [Dummy-1   ]: Registered adapter: snowflake=1.9.2
[0m19:39:23.464023 [debug] [Dummy-1   ]: checksum: 53ed91fada2233efb98368d1716b44ab532c83a9c293cf1890b7905d5b45fb25, vars: {}, profile: , target: dev, version: 1.9.4
[0m19:39:23.465782 [info ] [Dummy-1   ]: Unable to do partial parsing because saved manifest not found. Starting full parse.
[0m19:39:24.714890 [info ] [Dummy-1   ]: Performance info: /tmp/dbt/target/perf_info.json
[0m19:39:24.769541 [debug] [Dummy-1   ]: Wrote artifact WritableManifest to /tmp/dbt/target/manifest.json
[0m19:39:24.771961 [debug] [Dummy-1   ]: Wrote artifact SemanticManifest to /tmp/dbt/target/semantic_manifest.json
[0m19:39:24.773892 [debug] [Dummy-1   ]: Resource report: {"command_name": "parse", "command_success": true, "command_wall_clock_time": 1.8408141, "process_in_blocks": "0", "process_kernel_time": 0.85, "process_mem_max_rss": "407060", "process_out_blocks": "0", "process_user_time": 5.61}
[0m19:39:24.774629 [debug] [Dummy-1   ]: Command `cli parse` succeeded at 19:39:24.774340 after 1.84 seconds
[0m19:39:24.775261 [debug] [Dummy-1   ]: Flushing usage events


============================== 19:43:50.206352 | f30a719b-ebb2-489e-807d-73f07588590c ==============================
[0m19:43:50.206352 [info ] [Dummy-1   ]: Running with dbt=1.9.4
[0m19:43:50.207455 [debug] [Dummy-1   ]: running dbt with arguments {'printer_width': '80', 'indirect_selection': 'eager', 'write_json': 'True', 'log_cache_events': 'False', 'partial_parse': 'True', 'cache_selected_only': 'False', 'warn_error': 'None', 'debug': 'False', 'profiles_dir': '/tmp/dbt/', 'log_path': '/tmp/dbt/logs', 'version_check': 'True', 'fail_fast': 'False', 'use_colors': 'True', 'use_experimental_parser': 'False', 'empty': 'None', 'quiet': 'False', 'no_print': 'None', 'warn_error_options': 'WarnErrorOptions(include=[], exclude=[])', 'invocation_command': 'dbt ', 'log_format': 'default', 'introspect': 'True', 'target_path': '/tmp/dbt/target/', 'static_parser': 'True', 'send_anonymous_usage_stats': 'False'}
[0m19:43:50.590627 [info ] [Dummy-1   ]: Registered adapter: snowflake=1.9.2
[0m19:43:50.645738 [debug] [Dummy-1   ]: checksum: 53ed91fada2233efb98368d1716b44ab532c83a9c293cf1890b7905d5b45fb25, vars: {}, profile: , target: dev, version: 1.9.4
[0m19:43:50.744318 [info ] [Dummy-1   ]: Unable to do partial parsing because profile has changed
[0m19:43:51.998345 [info ] [Dummy-1   ]: Performance info: /tmp/dbt/target/perf_info.json
[0m19:43:52.054294 [debug] [Dummy-1   ]: Wrote artifact WritableManifest to /tmp/dbt/target/manifest.json
[0m19:43:52.056885 [debug] [Dummy-1   ]: Wrote artifact SemanticManifest to /tmp/dbt/target/semantic_manifest.json
[0m19:43:52.058963 [debug] [Dummy-1   ]: Resource report: {"command_name": "parse", "command_success": true, "command_wall_clock_time": 1.9547938, "process_in_blocks": "0", "process_kernel_time": 1.0, "process_mem_max_rss": "404132", "process_out_blocks": "0", "process_user_time": 5.72}
[0m19:43:52.059724 [debug] [Dummy-1   ]: Command `cli parse` succeeded at 19:43:52.059439 after 1.96 seconds
[0m19:43:52.060357 [debug] [Dummy-1   ]: Flushing usage events


============================== 19:49:37.255340 | f0444b86-d4b4-4053-985b-aff131b2169b ==============================
[0m19:49:37.255340 [info ] [Dummy-1   ]: Running with dbt=1.9.4
[0m19:49:37.256334 [debug] [Dummy-1   ]: running dbt with arguments {'printer_width': '80', 'indirect_selection': 'eager', 'log_cache_events': 'False', 'write_json': 'True', 'partial_parse': 'True', 'cache_selected_only': 'False', 'profiles_dir': '/tmp/dbt/', 'debug': 'False', 'warn_error': 'None', 'log_path': '/tmp/dbt/logs', 'version_check': 'True', 'fail_fast': 'False', 'use_colors': 'True', 'use_experimental_parser': 'False', 'no_print': 'None', 'quiet': 'False', 'empty': 'False', 'log_format': 'default', 'invocation_command': 'dbt ', 'static_parser': 'True', 'introspect': 'True', 'target_path': '/tmp/dbt/target/', 'warn_error_options': 'WarnErrorOptions(include=[], exclude=[])', 'send_anonymous_usage_stats': 'False'}
[0m19:49:37.614205 [info ] [Dummy-1   ]: Registered adapter: snowflake=1.9.2
[0m19:49:37.662861 [debug] [Dummy-1   ]: checksum: 53ed91fada2233efb98368d1716b44ab532c83a9c293cf1890b7905d5b45fb25, vars: {}, profile: , target: dev, version: 1.9.4
[0m19:49:37.758103 [info ] [Dummy-1   ]: Unable to do partial parsing because profile has changed
[0m19:49:39.827095 [debug] [Dummy-1   ]: Wrote artifact WritableManifest to /tmp/dbt/target/manifest.json
[0m19:49:39.829720 [debug] [Dummy-1   ]: Wrote artifact SemanticManifest to /tmp/dbt/target/semantic_manifest.json
[0m19:49:39.902915 [info ] [Dummy-1   ]: Found 11 models, 12 sources, 474 macros
[0m19:49:39.906811 [info ] [Dummy-1   ]: 
[0m19:49:39.907491 [info ] [Dummy-1   ]: Concurrency: 4 threads (target='dev')
[0m19:49:39.908071 [info ] [Dummy-1   ]: 
[0m19:49:39.908979 [debug] [Dummy-1   ]: Acquiring new snowflake connection 'master'
[0m19:49:39.916546 [debug] [ThreadPool]: Acquiring new snowflake connection 'list_COCO_LIVE_DB'
[0m19:49:40.026429 [debug] [ThreadPool]: Using snowflake connection "list_COCO_LIVE_DB"
[0m19:49:40.027088 [debug] [ThreadPool]: On list_COCO_LIVE_DB: /* {"app": "dbt", "dbt_version": "1.9.4", "profile_name": "default", "target_name": "dev", "connection_name": "list_COCO_LIVE_DB"} */
show terse schemas in database COCO_LIVE_DB
    limit 10000
[0m19:49:40.027606 [debug] [ThreadPool]: Opening a new connection, currently in state init
[0m19:49:41.134140 [debug] [ThreadPool]: SQL status: SUCCESS 4 in 1.106 seconds
[0m19:49:41.138776 [debug] [ThreadPool]: Re-using an available connection from the pool (formerly list_COCO_LIVE_DB, now list_COCO_LIVE_DB_DBT_MARTS)
[0m19:49:41.161243 [debug] [ThreadPool]: Using snowflake connection "list_COCO_LIVE_DB_DBT_MARTS"
[0m19:49:41.161866 [debug] [ThreadPool]: On list_COCO_LIVE_DB_DBT_MARTS: /* {"app": "dbt", "dbt_version": "1.9.4", "profile_name": "default", "target_name": "dev", "connection_name": "list_COCO_LIVE_DB_DBT_MARTS"} */
alter session set quoted_identifiers_ignore_case = false;
[0m19:49:41.162367 [debug] [ThreadPool]: Opening a new connection, currently in state init
[0m19:49:42.208517 [debug] [ThreadPool]: SQL status: SUCCESS 1 in 1.046 seconds
[0m19:49:42.214372 [debug] [ThreadPool]: Using snowflake connection "list_COCO_LIVE_DB_DBT_MARTS"
[0m19:49:42.214994 [debug] [ThreadPool]: On list_COCO_LIVE_DB_DBT_MARTS: /* {"app": "dbt", "dbt_version": "1.9.4", "profile_name": "default", "target_name": "dev", "connection_name": "list_COCO_LIVE_DB_DBT_MARTS"} */
show objects in COCO_LIVE_DB.DBT_MARTS
    limit 10000
    
;
[0m19:49:42.383771 [debug] [ThreadPool]: SQL status: SUCCESS 0 in 0.168 seconds
[0m19:49:42.386134 [debug] [ThreadPool]: Using snowflake connection "list_COCO_LIVE_DB_DBT_MARTS"
[0m19:49:42.386682 [debug] [ThreadPool]: On list_COCO_LIVE_DB_DBT_MARTS: /* {"app": "dbt", "dbt_version": "1.9.4", "profile_name": "default", "target_name": "dev", "connection_name": "list_COCO_LIVE_DB_DBT_MARTS"} */
alter session unset quoted_identifiers_ignore_case;
[0m19:49:42.583292 [debug] [ThreadPool]: SQL status: SUCCESS 1 in 0.196 seconds
[0m19:49:42.591853 [debug] [Thread-2 (]: Began running node model.coco_demo.stg_org_entities
[0m19:49:42.592620 [debug] [Thread-3 (]: Began running node model.coco_demo.stg_rec_assignments
[0m19:49:42.593379 [debug] [Thread-4 (]: Began running node model.coco_demo.stg_rec_period_information
[0m19:49:42.594113 [debug] [Thread-5 (]: Began running node model.coco_demo.stg_rec_periods
[0m19:49:42.595099 [info ] [Thread-2 (]: 1 of 11 START sql view model DBT_MARTS.stg_org_entities ........................ [RUN]
[0m19:49:42.596061 [info ] [Thread-3 (]: 2 of 11 START sql view model DBT_MARTS.stg_rec_assignments ..................... [RUN]
[0m19:49:42.597339 [info ] [Thread-4 (]: 3 of 11 START sql view model DBT_MARTS.stg_rec_period_information .............. [RUN]
[0m19:49:42.598405 [info ] [Thread-5 (]: 4 of 11 START sql view model DBT_MARTS.stg_rec_periods ......................... [RUN]
[0m19:49:42.599235 [debug] [Thread-2 (]: Re-using an available connection from the pool (formerly list_COCO_LIVE_DB_DBT_MARTS, now model.coco_demo.stg_org_entities)
[0m19:49:42.599992 [debug] [Thread-3 (]: Acquiring new snowflake connection 'model.coco_demo.stg_rec_assignments'
[0m19:49:42.600712 [debug] [Thread-4 (]: Acquiring new snowflake connection 'model.coco_demo.stg_rec_period_information'
[0m19:49:42.601450 [debug] [Thread-5 (]: Acquiring new snowflake connection 'model.coco_demo.stg_rec_periods'
[0m19:49:42.602054 [debug] [Thread-2 (]: Began compiling node model.coco_demo.stg_org_entities
[0m19:49:42.602616 [debug] [Thread-3 (]: Began compiling node model.coco_demo.stg_rec_assignments
[0m19:49:42.603176 [debug] [Thread-4 (]: Began compiling node model.coco_demo.stg_rec_period_information
[0m19:49:42.603735 [debug] [Thread-5 (]: Began compiling node model.coco_demo.stg_rec_periods
[0m19:49:42.620310 [debug] [Thread-2 (]: Writing injected SQL for node "model.coco_demo.stg_org_entities"
[0m19:49:42.632942 [debug] [Thread-3 (]: Writing injected SQL for node "model.coco_demo.stg_rec_assignments"
[0m19:49:42.643747 [debug] [Thread-4 (]: Writing injected SQL for node "model.coco_demo.stg_rec_period_information"
[0m19:49:42.654535 [debug] [Thread-5 (]: Writing injected SQL for node "model.coco_demo.stg_rec_periods"
[0m19:49:42.656548 [debug] [Thread-2 (]: Began executing node model.coco_demo.stg_org_entities
[0m19:49:42.657399 [debug] [Thread-3 (]: Began executing node model.coco_demo.stg_rec_assignments
[0m19:49:42.657967 [debug] [Thread-4 (]: Began executing node model.coco_demo.stg_rec_period_information
[0m19:49:42.675499 [debug] [Thread-5 (]: Began executing node model.coco_demo.stg_rec_periods
[0m19:49:42.753372 [debug] [Thread-3 (]: Writing runtime sql for node "model.coco_demo.stg_rec_assignments"
[0m19:49:42.766112 [debug] [Thread-2 (]: Writing runtime sql for node "model.coco_demo.stg_org_entities"
[0m19:49:42.767525 [debug] [Thread-4 (]: Writing runtime sql for node "model.coco_demo.stg_rec_period_information"
[0m19:49:42.778718 [debug] [Thread-5 (]: Writing runtime sql for node "model.coco_demo.stg_rec_periods"
[0m19:49:42.781860 [debug] [Thread-3 (]: Using snowflake connection "model.coco_demo.stg_rec_assignments"
[0m19:49:42.783581 [debug] [Thread-2 (]: Using snowflake connection "model.coco_demo.stg_org_entities"
[0m19:49:42.785477 [debug] [Thread-4 (]: Using snowflake connection "model.coco_demo.stg_rec_period_information"
[0m19:49:42.786415 [debug] [Thread-3 (]: On model.coco_demo.stg_rec_assignments: /* {"app": "dbt", "dbt_version": "1.9.4", "profile_name": "default", "target_name": "dev", "node_id": "model.coco_demo.stg_rec_assignments"} */
create or replace   view COCO_LIVE_DB.DBT_MARTS.stg_rec_assignments
  
   as (
    SELECT
    pkid AS assignment_id,
    entity_id,
    financial_statement_id,
    assignment_key,
    assignment_type,
    combo_name,
    description AS assignment_description,
    segment1,
    segment2,
    segment3,
    segment4,
    segment5,
    currency,
    rate_type,
    team_id,
    group_assignment AS is_group_assignment,
    is_consolidated_account,
    allow_multi_cncy_group,
    delete_flag AS is_deleted,
    db_insert_date AS created_at,
    db_update_date AS updated_at
FROM COCO_LIVE_DB.CUSTOMER_A_DATA.rec_assignments
WHERE delete_flag = 0
  );
[0m19:49:42.787928 [debug] [Thread-5 (]: Using snowflake connection "model.coco_demo.stg_rec_periods"
[0m19:49:42.788686 [debug] [Thread-2 (]: On model.coco_demo.stg_org_entities: /* {"app": "dbt", "dbt_version": "1.9.4", "profile_name": "default", "target_name": "dev", "node_id": "model.coco_demo.stg_org_entities"} */
create or replace   view COCO_LIVE_DB.DBT_MARTS.stg_org_entities
  
   as (
    SELECT
    id AS entity_id,
    code AS entity_code,
    name AS entity_name,
    description AS entity_description,
    type AS entity_type,
    parent_id,
    parent_name,
    depth AS hierarchy_depth,
    lineage AS hierarchy_lineage,
    ownership AS ownership_percentage,
    has_children,
    financial_review_required,
    include_in_intercompany,
    delete_flag AS is_deleted,
    db_insert_date AS created_at,
    db_update_date AS updated_at
FROM COCO_LIVE_DB.CUSTOMER_A_DATA.org_entities
WHERE delete_flag = 0
  );
[0m19:49:42.789492 [debug] [Thread-4 (]: On model.coco_demo.stg_rec_period_information: /* {"app": "dbt", "dbt_version": "1.9.4", "profile_name": "default", "target_name": "dev", "node_id": "model.coco_demo.stg_rec_period_information"} */
create or replace   view COCO_LIVE_DB.DBT_MARTS.stg_rec_period_information
  
   as (
    SELECT
    pkid AS period_info_id,
    assignment_id,
    period_id,
    financial_statement_id,
    active_status AS is_active,
    activity_in_period,
    balance_gl,
    balance_gl_base,
    balance_gl_func,
    balance_bank,
    balance_bank_base,
    balance_bank_func,
    balance_subledger,
    balance_subledger_base,
    balance_subledger_func,
    balance_estimate,
    balance_estimate_base,
    balance_estimate_func,
    balance_forecast,
    balance_forecast_base,
    balance_forecast_func,
    key_account AS is_key_account,
    rate_type,
    is_elimination_account,
    delete_flag AS is_deleted,
    db_insert_date AS created_at,
    db_update_date AS updated_at
FROM COCO_LIVE_DB.CUSTOMER_A_DATA.rec_period_information
WHERE delete_flag = 0
  );
[0m19:49:42.790158 [debug] [Thread-3 (]: Opening a new connection, currently in state init
[0m19:49:42.790821 [debug] [Thread-5 (]: On model.coco_demo.stg_rec_periods: /* {"app": "dbt", "dbt_version": "1.9.4", "profile_name": "default", "target_name": "dev", "node_id": "model.coco_demo.stg_rec_periods"} */
create or replace   view COCO_LIVE_DB.DBT_MARTS.stg_rec_periods
  
   as (
    SELECT
    pkid AS period_id,
    period_end_date,
    DATE_TRUNC('month', period_end_date) AS period_month,
    YEAR(period_end_date) AS period_year,
    MONTH(period_end_date) AS period_month_num,
    QUARTER(period_end_date) AS period_quarter,
    db_insert_date AS created_at,
    db_update_date AS updated_at
FROM COCO_LIVE_DB.CUSTOMER_A_DATA.rec_periods
  );
[0m19:49:42.791449 [debug] [Thread-2 (]: Opening a new connection, currently in state init
[0m19:49:42.792012 [debug] [Thread-4 (]: Opening a new connection, currently in state init
[0m19:49:42.792799 [debug] [Thread-5 (]: Opening a new connection, currently in state init
[0m19:49:44.278542 [debug] [Thread-2 (]: SQL status: SUCCESS 1 in 1.487 seconds
[0m19:49:44.308504 [debug] [Thread-5 (]: SQL status: SUCCESS 1 in 1.516 seconds
[0m19:49:44.314045 [info ] [Thread-2 (]: 1 of 11 OK created sql view model DBT_MARTS.stg_org_entities ................... [[32mSUCCESS 1[0m in 1.71s]
[0m19:49:44.315059 [info ] [Thread-5 (]: 4 of 11 OK created sql view model DBT_MARTS.stg_rec_periods .................... [[32mSUCCESS 1[0m in 1.71s]
[0m19:49:44.316029 [debug] [Thread-2 (]: Finished running node model.coco_demo.stg_org_entities
[0m19:49:44.316924 [debug] [Thread-5 (]: Finished running node model.coco_demo.stg_rec_periods
[0m19:49:44.318166 [debug] [Thread-2 (]: Began running node model.coco_demo.stg_rec_reconciliations
[0m19:49:44.319375 [debug] [Thread-5 (]: Began running node model.coco_demo.stg_users
[0m19:49:44.320340 [info ] [Thread-2 (]: 5 of 11 START sql view model DBT_MARTS.stg_rec_reconciliations ................. [RUN]
[0m19:49:44.321251 [info ] [Thread-5 (]: 6 of 11 START sql view model DBT_MARTS.stg_users ............................... [RUN]
[0m19:49:44.322066 [debug] [Thread-2 (]: Re-using an available connection from the pool (formerly model.coco_demo.stg_org_entities, now model.coco_demo.stg_rec_reconciliations)
[0m19:49:44.323035 [debug] [Thread-3 (]: SQL status: SUCCESS 1 in 1.533 seconds
[0m19:49:44.323707 [debug] [Thread-5 (]: Re-using an available connection from the pool (formerly model.coco_demo.stg_rec_periods, now model.coco_demo.stg_users)
[0m19:49:44.324320 [debug] [Thread-2 (]: Began compiling node model.coco_demo.stg_rec_reconciliations
[0m19:49:44.327556 [info ] [Thread-3 (]: 2 of 11 OK created sql view model DBT_MARTS.stg_rec_assignments ................ [[32mSUCCESS 1[0m in 1.73s]
[0m19:49:44.328304 [debug] [Thread-5 (]: Began compiling node model.coco_demo.stg_users
[0m19:49:44.339958 [debug] [Thread-4 (]: SQL status: SUCCESS 1 in 1.548 seconds
[0m19:49:44.340367 [debug] [Thread-2 (]: Writing injected SQL for node "model.coco_demo.stg_rec_reconciliations"
[0m19:49:44.341216 [debug] [Thread-3 (]: Finished running node model.coco_demo.stg_rec_assignments
[0m19:49:44.351885 [debug] [Thread-5 (]: Writing injected SQL for node "model.coco_demo.stg_users"
[0m19:49:44.355289 [info ] [Thread-4 (]: 3 of 11 OK created sql view model DBT_MARTS.stg_rec_period_information ......... [[32mSUCCESS 1[0m in 1.75s]
[0m19:49:44.356668 [debug] [Thread-3 (]: Began running node model.coco_demo.stg_var_activity
[0m19:49:44.357470 [debug] [Thread-2 (]: Began executing node model.coco_demo.stg_rec_reconciliations
[0m19:49:44.358655 [debug] [Thread-4 (]: Finished running node model.coco_demo.stg_rec_period_information
[0m19:49:44.359319 [debug] [Thread-5 (]: Began executing node model.coco_demo.stg_users
[0m19:49:44.360131 [info ] [Thread-3 (]: 7 of 11 START sql view model DBT_MARTS.stg_var_activity ........................ [RUN]
[0m19:49:44.372604 [debug] [Thread-2 (]: Writing runtime sql for node "model.coco_demo.stg_rec_reconciliations"
[0m19:49:44.383349 [debug] [Thread-5 (]: Writing runtime sql for node "model.coco_demo.stg_users"
[0m19:49:44.384079 [debug] [Thread-3 (]: Re-using an available connection from the pool (formerly model.coco_demo.stg_rec_assignments, now model.coco_demo.stg_var_activity)
[0m19:49:44.386267 [debug] [Thread-2 (]: Using snowflake connection "model.coco_demo.stg_rec_reconciliations"
[0m19:49:44.386896 [debug] [Thread-3 (]: Began compiling node model.coco_demo.stg_var_activity
[0m19:49:44.388008 [debug] [Thread-5 (]: Using snowflake connection "model.coco_demo.stg_users"
[0m19:49:44.388773 [debug] [Thread-2 (]: On model.coco_demo.stg_rec_reconciliations: /* {"app": "dbt", "dbt_version": "1.9.4", "profile_name": "default", "target_name": "dev", "node_id": "model.coco_demo.stg_rec_reconciliations"} */
create or replace   view COCO_LIVE_DB.DBT_MARTS.stg_rec_reconciliations
  
   as (
    SELECT
    pkid AS reconciliation_id,
    account_assignment_id AS assignment_id,
    period_id,
    reconciliation_type,
    balance_bank,
    balance_bank_base,
    balance_bank_func,
    balance_calculated,
    balance_calculated_base,
    balance_calculated_func,
    balance_subledger,
    balance_subledger_base,
    balance_subledger_func,
    amount_unidentified,
    delete_flag AS is_deleted,
    db_insert_date AS created_at,
    db_update_date AS updated_at
FROM COCO_LIVE_DB.CUSTOMER_A_DATA.rec_reconciliations
WHERE delete_flag = 0
  );
[0m19:49:44.541878 [debug] [Thread-3 (]: Writing injected SQL for node "model.coco_demo.stg_var_activity"
[0m19:49:44.542586 [debug] [Thread-5 (]: On model.coco_demo.stg_users: /* {"app": "dbt", "dbt_version": "1.9.4", "profile_name": "default", "target_name": "dev", "node_id": "model.coco_demo.stg_users"} */
create or replace   view COCO_LIVE_DB.DBT_MARTS.stg_users
  
   as (
    SELECT
    pkid AS user_id,
    full_name AS user_name,
    email AS user_email,
    db_insert_date AS created_at,
    db_update_date AS updated_at
FROM COCO_LIVE_DB.CUSTOMER_A_DATA.users
  );
[0m19:49:44.543277 [debug] [Thread-2 (]: Opening a new connection, currently in state init
[0m19:49:44.544119 [debug] [Thread-5 (]: Opening a new connection, currently in state init
[0m19:49:44.544857 [debug] [Thread-3 (]: Began executing node model.coco_demo.stg_var_activity
[0m19:49:44.555856 [debug] [Thread-3 (]: Writing runtime sql for node "model.coco_demo.stg_var_activity"
[0m19:49:44.557917 [debug] [Thread-3 (]: Using snowflake connection "model.coco_demo.stg_var_activity"
[0m19:49:44.558691 [debug] [Thread-3 (]: On model.coco_demo.stg_var_activity: /* {"app": "dbt", "dbt_version": "1.9.4", "profile_name": "default", "target_name": "dev", "node_id": "model.coco_demo.stg_var_activity"} */
create or replace   view COCO_LIVE_DB.DBT_MARTS.stg_var_activity
  
   as (
    SELECT
    assignment_id,
    period_id,
    prior_period_id,
    var_activity_id,
    balance_gl_diff,
    balance_gl_base_diff,
    balance_gl_func_diff,
    balance_estimate_diff,
    balance_estimate_base_diff,
    balance_estimate_func_diff,
    balance_subledger_diff,
    balance_subledger_base_diff,
    balance_subledger_func_diff,
    balance_bank_diff,
    balance_bank_base_diff,
    balance_bank_func_diff,
    balance_forecast_diff,
    balance_forecast_base_diff,
    balance_forecast_func_diff,
    variance,
    variance_base,
    variance_func,
    db_insert_date AS created_at,
    db_update_date AS updated_at
FROM COCO_LIVE_DB.CUSTOMER_A_DATA.var_activity
  );
[0m19:49:44.559289 [debug] [Thread-3 (]: Opening a new connection, currently in state init
[0m19:49:45.726623 [debug] [Thread-5 (]: SQL status: SUCCESS 1 in 1.182 seconds
[0m19:49:45.730458 [info ] [Thread-5 (]: 6 of 11 OK created sql view model DBT_MARTS.stg_users .......................... [[32mSUCCESS 1[0m in 1.41s]
[0m19:49:45.731428 [debug] [Thread-5 (]: Finished running node model.coco_demo.stg_users
[0m19:49:45.811292 [debug] [Thread-3 (]: SQL status: SUCCESS 1 in 1.252 seconds
[0m19:49:45.814841 [info ] [Thread-3 (]: 7 of 11 OK created sql view model DBT_MARTS.stg_var_activity ................... [[32mSUCCESS 1[0m in 1.43s]
[0m19:49:45.815855 [debug] [Thread-2 (]: SQL status: SUCCESS 1 in 1.273 seconds
[0m19:49:45.816726 [debug] [Thread-3 (]: Finished running node model.coco_demo.stg_var_activity
[0m19:49:45.819979 [info ] [Thread-2 (]: 5 of 11 OK created sql view model DBT_MARTS.stg_rec_reconciliations ............ [[32mSUCCESS 1[0m in 1.50s]
[0m19:49:45.826672 [debug] [Thread-4 (]: Began running node model.coco_demo.int_assignment_variance_summary
[0m19:49:45.827658 [debug] [Thread-2 (]: Finished running node model.coco_demo.stg_rec_reconciliations
[0m19:49:45.828767 [info ] [Thread-4 (]: 8 of 11 START sql view model DBT_MARTS.int_assignment_variance_summary ......... [RUN]
[0m19:49:45.830414 [debug] [Thread-3 (]: Began running node model.coco_demo.int_reconciliation_summary
[0m19:49:45.831220 [debug] [Thread-4 (]: Re-using an available connection from the pool (formerly model.coco_demo.stg_rec_period_information, now model.coco_demo.int_assignment_variance_summary)
[0m19:49:45.832173 [info ] [Thread-3 (]: 9 of 11 START sql view model DBT_MARTS.int_reconciliation_summary .............. [RUN]
[0m19:49:45.832885 [debug] [Thread-4 (]: Began compiling node model.coco_demo.int_assignment_variance_summary
[0m19:49:45.833607 [debug] [Thread-3 (]: Re-using an available connection from the pool (formerly model.coco_demo.stg_var_activity, now model.coco_demo.int_reconciliation_summary)
[0m19:49:45.846930 [debug] [Thread-4 (]: Writing injected SQL for node "model.coco_demo.int_assignment_variance_summary"
[0m19:49:45.847650 [debug] [Thread-3 (]: Began compiling node model.coco_demo.int_reconciliation_summary
[0m19:49:45.858973 [debug] [Thread-3 (]: Writing injected SQL for node "model.coco_demo.int_reconciliation_summary"
[0m19:49:45.859736 [debug] [Thread-4 (]: Began executing node model.coco_demo.int_assignment_variance_summary
[0m19:49:45.872634 [debug] [Thread-4 (]: Writing runtime sql for node "model.coco_demo.int_assignment_variance_summary"
[0m19:49:45.873262 [debug] [Thread-3 (]: Began executing node model.coco_demo.int_reconciliation_summary
[0m19:49:45.884555 [debug] [Thread-3 (]: Writing runtime sql for node "model.coco_demo.int_reconciliation_summary"
[0m19:49:45.886560 [debug] [Thread-4 (]: Using snowflake connection "model.coco_demo.int_assignment_variance_summary"
[0m19:49:45.887583 [debug] [Thread-4 (]: On model.coco_demo.int_assignment_variance_summary: /* {"app": "dbt", "dbt_version": "1.9.4", "profile_name": "default", "target_name": "dev", "node_id": "model.coco_demo.int_assignment_variance_summary"} */
create or replace   view COCO_LIVE_DB.DBT_MARTS.int_assignment_variance_summary
  
   as (
    WITH assignment_variance_summary AS (
    SELECT
        assignment_id,
        period_id,
        COUNT(*) AS variance_record_count,
        SUM(ABS(variance)) AS total_absolute_variance,
        SUM(ABS(variance_base)) AS total_absolute_variance_base,
        SUM(ABS(variance_func)) AS total_absolute_variance_func,
        AVG(variance) AS avg_variance,
        MAX(ABS(variance)) AS max_variance,
        SUM(ABS(balance_gl_diff)) AS total_gl_variance,
        SUM(ABS(balance_bank_diff)) AS total_bank_variance
    FROM COCO_LIVE_DB.DBT_MARTS.stg_var_activity
    GROUP BY assignment_id, period_id
)

SELECT * FROM assignment_variance_summary
  );
[0m19:49:45.889679 [debug] [Thread-3 (]: Using snowflake connection "model.coco_demo.int_reconciliation_summary"
[0m19:49:45.890258 [debug] [Thread-4 (]: Opening a new connection, currently in state init
[0m19:49:45.890959 [debug] [Thread-3 (]: On model.coco_demo.int_reconciliation_summary: /* {"app": "dbt", "dbt_version": "1.9.4", "profile_name": "default", "target_name": "dev", "node_id": "model.coco_demo.int_reconciliation_summary"} */
create or replace   view COCO_LIVE_DB.DBT_MARTS.int_reconciliation_summary
  
   as (
    WITH reconciliation_summary AS (
    SELECT
        assignment_id,
        period_id,
        COUNT(*) AS reconciliation_count,
        COUNT(CASE WHEN reconciliation_type = 'Proof' THEN 1 END) AS proof_reconciliation_count,
        SUM(balance_bank) AS total_balance_bank,
        SUM(balance_calculated) AS total_balance_calculated,
        SUM(balance_subledger) AS total_balance_subledger,
        SUM(ABS(COALESCE(balance_bank, 0) - COALESCE(balance_calculated, 0))) AS total_bank_calc_diff,
        AVG(balance_bank) AS avg_balance_bank,
        MAX(balance_bank) AS max_balance_bank,
        MIN(balance_bank) AS min_balance_bank
    FROM COCO_LIVE_DB.DBT_MARTS.stg_rec_reconciliations
    GROUP BY assignment_id, period_id
)

SELECT * FROM reconciliation_summary
  );
[0m19:49:45.891844 [debug] [Thread-3 (]: Opening a new connection, currently in state init
[0m19:49:47.354896 [debug] [Thread-4 (]: SQL status: SUCCESS 1 in 1.464 seconds
[0m19:49:47.359167 [info ] [Thread-4 (]: 8 of 11 OK created sql view model DBT_MARTS.int_assignment_variance_summary .... [[32mSUCCESS 1[0m in 1.53s]
[0m19:49:47.360132 [debug] [Thread-4 (]: Finished running node model.coco_demo.int_assignment_variance_summary
[0m19:49:47.402844 [debug] [Thread-3 (]: SQL status: SUCCESS 1 in 1.511 seconds
[0m19:49:47.406323 [info ] [Thread-3 (]: 9 of 11 OK created sql view model DBT_MARTS.int_reconciliation_summary ......... [[32mSUCCESS 1[0m in 1.57s]
[0m19:49:47.407264 [debug] [Thread-3 (]: Finished running node model.coco_demo.int_reconciliation_summary
[0m19:49:47.409026 [debug] [Thread-2 (]: Began running node model.coco_demo.assignment_360
[0m19:49:47.409709 [debug] [Thread-5 (]: Began running node model.coco_demo.entity_360
[0m19:49:47.410727 [info ] [Thread-2 (]: 10 of 11 START sql table model DBT_MARTS.assignment_360 ........................ [RUN]
[0m19:49:47.411591 [info ] [Thread-5 (]: 11 of 11 START sql table model DBT_MARTS.entity_360 ............................ [RUN]
[0m19:49:47.412300 [debug] [Thread-2 (]: Re-using an available connection from the pool (formerly model.coco_demo.stg_rec_reconciliations, now model.coco_demo.assignment_360)
[0m19:49:47.413036 [debug] [Thread-5 (]: Re-using an available connection from the pool (formerly model.coco_demo.stg_users, now model.coco_demo.entity_360)
[0m19:49:47.413765 [debug] [Thread-2 (]: Began compiling node model.coco_demo.assignment_360
[0m19:49:47.414402 [debug] [Thread-5 (]: Began compiling node model.coco_demo.entity_360
[0m19:49:47.429662 [debug] [Thread-2 (]: Writing injected SQL for node "model.coco_demo.assignment_360"
[0m19:49:47.442969 [debug] [Thread-5 (]: Writing injected SQL for node "model.coco_demo.entity_360"
[0m19:49:47.444181 [debug] [Thread-2 (]: Began executing node model.coco_demo.assignment_360
[0m19:49:47.444968 [debug] [Thread-5 (]: Began executing node model.coco_demo.entity_360
[0m19:49:47.490330 [debug] [Thread-2 (]: Writing runtime sql for node "model.coco_demo.assignment_360"
[0m19:49:47.498026 [debug] [Thread-5 (]: Writing runtime sql for node "model.coco_demo.entity_360"
[0m19:49:47.504347 [debug] [Thread-2 (]: Using snowflake connection "model.coco_demo.assignment_360"
[0m19:49:47.513066 [debug] [Thread-5 (]: Using snowflake connection "model.coco_demo.entity_360"
[0m19:49:47.514109 [debug] [Thread-2 (]: On model.coco_demo.assignment_360: /* {"app": "dbt", "dbt_version": "1.9.4", "profile_name": "default", "target_name": "dev", "node_id": "model.coco_demo.assignment_360"} */
create or replace transient table COCO_LIVE_DB.DBT_MARTS.assignment_360
         as
        (

WITH assignments AS (
    SELECT * FROM COCO_LIVE_DB.DBT_MARTS.stg_rec_assignments
),

entities AS (
    SELECT * FROM COCO_LIVE_DB.DBT_MARTS.stg_org_entities
),

periods AS (
    SELECT * FROM COCO_LIVE_DB.DBT_MARTS.stg_rec_periods
),

period_info AS (
    SELECT * FROM COCO_LIVE_DB.DBT_MARTS.stg_rec_period_information
),

reconciliation_summary AS (
    SELECT * FROM COCO_LIVE_DB.DBT_MARTS.int_reconciliation_summary
),

variance_summary AS (
    SELECT * FROM COCO_LIVE_DB.DBT_MARTS.int_assignment_variance_summary
)

SELECT
    a.assignment_id,
    a.assignment_key,
    a.assignment_type,
    a.combo_name,
    a.assignment_description,
    a.segment1,
    a.segment2,
    a.segment3,
    a.currency,
    a.is_group_assignment,
    a.is_consolidated_account,
    
    e.entity_id,
    e.entity_code,
    e.entity_name,
    e.entity_type,
    e.parent_name AS entity_parent_name,
    e.hierarchy_depth AS entity_hierarchy_depth,
    e.ownership_percentage AS entity_ownership_pct,
    
    p.period_id,
    p.period_end_date,
    p.period_year,
    p.period_month_num,
    p.period_quarter,
    
    pi.is_active,
    pi.activity_in_period,
    pi.is_key_account,
    pi.is_elimination_account,
    
    pi.balance_gl,
    pi.balance_gl_base,
    pi.balance_gl_func,
    pi.balance_bank,
    pi.balance_bank_base,
    pi.balance_bank_func,
    pi.balance_subledger,
    pi.balance_subledger_base,
    pi.balance_subledger_func,
    pi.balance_estimate,
    pi.balance_estimate_base,
    pi.balance_forecast,
    pi.balance_forecast_base,
    
    COALESCE(rs.reconciliation_count, 0) AS reconciliation_count,
    COALESCE(rs.proof_reconciliation_count, 0) AS proof_reconciliation_count,
    COALESCE(rs.total_balance_bank, 0) AS rec_total_balance_bank,
    COALESCE(rs.total_balance_calculated, 0) AS rec_total_balance_calculated,
    COALESCE(rs.total_bank_calc_diff, 0) AS unreconciled_amount,
    
    COALESCE(vs.variance_record_count, 0) AS variance_record_count,
    COALESCE(vs.total_absolute_variance, 0) AS total_variance,
    COALESCE(vs.total_absolute_variance_base, 0) AS total_variance_base,
    COALESCE(vs.avg_variance, 0) AS avg_variance,
    COALESCE(vs.max_variance, 0) AS max_variance,
    COALESCE(vs.total_gl_variance, 0) AS gl_variance,
    COALESCE(vs.total_bank_variance, 0) AS bank_variance,
    
    CASE WHEN pi.is_active = 1 THEN 'Active' ELSE 'Inactive' END AS status,
    
    CASE
        WHEN COALESCE(vs.total_absolute_variance, 0) > 50000 THEN 'High'
        WHEN COALESCE(vs.total_absolute_variance, 0) > 10000 THEN 'Medium'
        ELSE 'Low'
    END AS variance_risk,
    
    CASE
        WHEN COALESCE(rs.total_bank_calc_diff, 0) > 10000 THEN 'Needs Review'
        WHEN pi.is_active = 1 AND COALESCE(rs.reconciliation_count, 0) = 0 THEN 'Pending'
        WHEN pi.is_active = 1 THEN 'On Track'
        ELSE 'Complete'
    END AS reconciliation_status,
    
    CURRENT_TIMESTAMP() AS dbt_updated_at

FROM assignments a
INNER JOIN entities e ON a.entity_id = e.entity_id
CROSS JOIN periods p
LEFT JOIN period_info pi ON a.assignment_id = pi.assignment_id AND p.period_id = pi.period_id
LEFT JOIN reconciliation_summary rs ON a.assignment_id = rs.assignment_id AND p.period_id = rs.period_id
LEFT JOIN variance_summary vs ON a.assignment_id = vs.assignment_id AND p.period_id = vs.period_id
WHERE pi.period_info_id IS NOT NULL
        );
[0m19:49:47.515735 [debug] [Thread-5 (]: On model.coco_demo.entity_360: /* {"app": "dbt", "dbt_version": "1.9.4", "profile_name": "default", "target_name": "dev", "node_id": "model.coco_demo.entity_360"} */
create or replace transient table COCO_LIVE_DB.DBT_MARTS.entity_360
         as
        (

WITH entity_base AS (
    SELECT * FROM COCO_LIVE_DB.DBT_MARTS.stg_org_entities
),

assignments AS (
    SELECT * FROM COCO_LIVE_DB.DBT_MARTS.stg_rec_assignments
),

periods AS (
    SELECT * FROM COCO_LIVE_DB.DBT_MARTS.stg_rec_periods
),

period_info AS (
    SELECT * FROM COCO_LIVE_DB.DBT_MARTS.stg_rec_period_information
),

reconciliation_summary AS (
    SELECT * FROM COCO_LIVE_DB.DBT_MARTS.int_reconciliation_summary
),

variance_summary AS (
    SELECT * FROM COCO_LIVE_DB.DBT_MARTS.int_assignment_variance_summary
),

entity_assignment_counts AS (
    SELECT
        entity_id,
        COUNT(DISTINCT assignment_id) AS total_assignments,
        COUNT(DISTINCT CASE WHEN assignment_type = 'Balance' THEN assignment_id END) AS balance_assignments,
        COUNT(DISTINCT CASE WHEN assignment_type = 'Flux' THEN assignment_id END) AS flux_assignments,
        COUNT(DISTINCT CASE WHEN assignment_type = 'Activity' THEN assignment_id END) AS activity_assignments,
        COUNT(DISTINCT currency) AS currency_count
    FROM assignments
    GROUP BY entity_id
),

entity_period_metrics AS (
    SELECT
        a.entity_id,
        pi.period_id,
        COUNT(DISTINCT a.assignment_id) AS period_assignment_count,
        SUM(CASE WHEN pi.is_active = 1 THEN 1 ELSE 0 END) AS active_assignments,
        SUM(CASE WHEN pi.is_active = 0 THEN 1 ELSE 0 END) AS inactive_assignments,
        SUM(pi.balance_gl) AS total_balance_gl,
        SUM(pi.balance_gl_base) AS total_balance_gl_base,
        SUM(pi.balance_bank) AS total_balance_bank,
        SUM(pi.balance_bank_base) AS total_balance_bank_base,
        SUM(pi.balance_subledger) AS total_balance_subledger,
        AVG(pi.balance_gl) AS avg_balance_gl,
        SUM(CASE WHEN pi.is_key_account = 1 THEN 1 ELSE 0 END) AS key_account_count
    FROM assignments a
    INNER JOIN period_info pi ON a.assignment_id = pi.assignment_id
    GROUP BY a.entity_id, pi.period_id
),

entity_variance_metrics AS (
    SELECT
        a.entity_id,
        vs.period_id,
        SUM(vs.total_absolute_variance) AS total_variance,
        SUM(vs.total_gl_variance) AS total_gl_variance,
        SUM(vs.total_bank_variance) AS total_bank_variance,
        AVG(vs.avg_variance) AS avg_variance,
        MAX(vs.max_variance) AS max_single_variance
    FROM assignments a
    INNER JOIN variance_summary vs ON a.assignment_id = vs.assignment_id
    GROUP BY a.entity_id, vs.period_id
),

entity_reconciliation_metrics AS (
    SELECT
        a.entity_id,
        rs.period_id,
        SUM(rs.reconciliation_count) AS total_reconciliations,
        SUM(rs.proof_reconciliation_count) AS proof_reconciliations,
        SUM(rs.total_bank_calc_diff) AS total_unreconciled_amount
    FROM assignments a
    INNER JOIN reconciliation_summary rs ON a.assignment_id = rs.assignment_id
    GROUP BY a.entity_id, rs.period_id
)

SELECT
    e.entity_id,
    e.entity_code,
    e.entity_name,
    e.entity_description,
    e.entity_type,
    e.parent_id,
    e.parent_name,
    e.hierarchy_depth,
    e.hierarchy_lineage,
    e.ownership_percentage,
    e.has_children,
    e.financial_review_required,
    
    p.period_id,
    p.period_end_date,
    p.period_year,
    p.period_month_num,
    p.period_quarter,
    
    COALESCE(eac.total_assignments, 0) AS total_assignments,
    COALESCE(eac.balance_assignments, 0) AS balance_assignments,
    COALESCE(eac.flux_assignments, 0) AS flux_assignments,
    COALESCE(eac.activity_assignments, 0) AS activity_assignments,
    COALESCE(eac.currency_count, 0) AS currency_count,
    
    COALESCE(epm.period_assignment_count, 0) AS period_assignment_count,
    COALESCE(epm.active_assignments, 0) AS active_assignments,
    COALESCE(epm.inactive_assignments, 0) AS inactive_assignments,
    COALESCE(epm.total_balance_gl, 0) AS total_balance_gl,
    COALESCE(epm.total_balance_gl_base, 0) AS total_balance_gl_base,
    COALESCE(epm.total_balance_bank, 0) AS total_balance_bank,
    COALESCE(epm.total_balance_bank_base, 0) AS total_balance_bank_base,
    COALESCE(epm.total_balance_subledger, 0) AS total_balance_subledger,
    COALESCE(epm.avg_balance_gl, 0) AS avg_balance_gl,
    COALESCE(epm.key_account_count, 0) AS key_account_count,
    
    COALESCE(evm.total_variance, 0) AS total_variance,
    COALESCE(evm.total_gl_variance, 0) AS total_gl_variance,
    COALESCE(evm.total_bank_variance, 0) AS total_bank_variance,
    COALESCE(evm.avg_variance, 0) AS avg_variance,
    COALESCE(evm.max_single_variance, 0) AS max_single_variance,
    
    COALESCE(erm.total_reconciliations, 0) AS total_reconciliations,
    COALESCE(erm.proof_reconciliations, 0) AS proof_reconciliations,
    COALESCE(erm.total_unreconciled_amount, 0) AS total_unreconciled_amount,
    
    CASE 
        WHEN COALESCE(epm.period_assignment_count, 0) = 0 THEN 0
        ELSE ROUND(COALESCE(epm.active_assignments, 0) * 100.0 / epm.period_assignment_count, 2)
    END AS assignment_completion_rate,
    
    CASE
        WHEN COALESCE(evm.total_variance, 0) > 100000 THEN 'High'
        WHEN COALESCE(evm.total_variance, 0) > 10000 THEN 'Medium'
        ELSE 'Low'
    END AS variance_risk_level,
    
    CURRENT_TIMESTAMP() AS dbt_updated_at

FROM entity_base e
CROSS JOIN periods p
LEFT JOIN entity_assignment_counts eac ON e.entity_id = eac.entity_id
LEFT JOIN entity_period_metrics epm ON e.entity_id = epm.entity_id AND p.period_id = epm.period_id
LEFT JOIN entity_variance_metrics evm ON e.entity_id = evm.entity_id AND p.period_id = evm.period_id
LEFT JOIN entity_reconciliation_metrics erm ON e.entity_id = erm.entity_id AND p.period_id = erm.period_id
        );
[0m19:49:47.516771 [debug] [Thread-2 (]: Opening a new connection, currently in state init
[0m19:49:47.517419 [debug] [Thread-5 (]: Opening a new connection, currently in state init
[0m19:49:52.294985 [debug] [Thread-5 (]: SQL status: SUCCESS 1 in 4.777 seconds
[0m19:49:52.299520 [info ] [Thread-5 (]: 11 of 11 OK created sql table model DBT_MARTS.entity_360 ....................... [[32mSUCCESS 1[0m in 4.89s]
[0m19:49:52.305175 [debug] [Thread-5 (]: Finished running node model.coco_demo.entity_360
[0m19:49:54.802415 [debug] [Thread-2 (]: SQL status: SUCCESS 1 in 7.285 seconds
[0m19:49:54.805899 [info ] [Thread-2 (]: 10 of 11 OK created sql table model DBT_MARTS.assignment_360 ................... [[32mSUCCESS 1[0m in 7.39s]
[0m19:49:54.806811 [debug] [Thread-2 (]: Finished running node model.coco_demo.assignment_360
[0m19:49:54.810886 [debug] [Dummy-1   ]: Connection 'master' was properly closed.
[0m19:49:54.811712 [debug] [Dummy-1   ]: Connection 'model.coco_demo.assignment_360' was properly closed.
[0m19:49:54.812534 [debug] [Dummy-1   ]: Connection 'model.coco_demo.int_reconciliation_summary' was properly closed.
[0m19:49:54.813123 [debug] [Dummy-1   ]: Connection 'model.coco_demo.int_assignment_variance_summary' was properly closed.
[0m19:49:54.813609 [debug] [Dummy-1   ]: Connection 'model.coco_demo.entity_360' was properly closed.
[0m19:49:54.814362 [info ] [Dummy-1   ]: 
[0m19:49:54.815026 [info ] [Dummy-1   ]: Finished running 2 table models, 9 view models in 0 hours 0 minutes and 14.91 seconds (14.91s).
[0m19:49:54.817736 [debug] [Dummy-1   ]: Command end result
[0m19:49:54.851506 [debug] [Dummy-1   ]: Wrote artifact WritableManifest to /tmp/dbt/target/manifest.json
[0m19:49:54.853884 [debug] [Dummy-1   ]: Wrote artifact SemanticManifest to /tmp/dbt/target/semantic_manifest.json
[0m19:49:54.861939 [debug] [Dummy-1   ]: Wrote artifact RunExecutionResult to /tmp/dbt/target/run_results.json
[0m19:49:54.862603 [info ] [Dummy-1   ]: 
[0m19:49:54.863366 [info ] [Dummy-1   ]: [32mCompleted successfully[0m
[0m19:49:54.863995 [info ] [Dummy-1   ]: 
[0m19:49:54.864620 [info ] [Dummy-1   ]: Done. PASS=11 WARN=0 ERROR=0 SKIP=0 TOTAL=11
[0m19:49:54.866457 [debug] [Dummy-1   ]: Resource report: {"command_name": "build", "command_success": true, "command_wall_clock_time": 17.70693, "process_in_blocks": "0", "process_kernel_time": 1.09, "process_mem_max_rss": "511476", "process_out_blocks": "0", "process_user_time": 7.4}
[0m19:49:54.867126 [debug] [Dummy-1   ]: Command `cli build` succeeded at 19:49:54.866856 after 17.71 seconds
[0m19:49:54.867663 [debug] [Dummy-1   ]: Flushing usage events


============================== 19:56:30.199365 | 574990c5-322a-45a0-ac50-effa43864518 ==============================
[0m19:56:30.199365 [info ] [Dummy-1   ]: Running with dbt=1.9.4
[0m19:56:30.200392 [debug] [Dummy-1   ]: running dbt with arguments {'printer_width': '80', 'indirect_selection': 'eager', 'write_json': 'True', 'log_cache_events': 'False', 'partial_parse': 'True', 'cache_selected_only': 'False', 'warn_error': 'None', 'version_check': 'True', 'fail_fast': 'False', 'log_path': '/tmp/dbt/logs', 'debug': 'False', 'profiles_dir': '/tmp/dbt/', 'use_colors': 'True', 'use_experimental_parser': 'False', 'empty': 'None', 'quiet': 'False', 'no_print': 'None', 'log_format': 'default', 'static_parser': 'True', 'introspect': 'True', 'invocation_command': 'dbt ', 'target_path': 'None', 'warn_error_options': 'WarnErrorOptions(include=[], exclude=[])', 'send_anonymous_usage_stats': 'False'}
[0m19:56:30.443995 [debug] [Dummy-1   ]: Set downloads directory='/tmp/dbt-downloads-oq2yzlby'
[0m19:56:30.444953 [debug] [Dummy-1   ]: Making package index registry request: GET https://hub.getdbt.com/api/v1/index.json
[0m19:56:30.659400 [debug] [Dummy-1   ]: Response from registry index: GET https://hub.getdbt.com/api/v1/index.json 200
[0m19:56:30.660463 [debug] [Dummy-1   ]: Making package registry request: GET https://hub.getdbt.com/api/v1/Snowflake-Labs/dbt_semantic_view.json
[0m19:56:30.836146 [debug] [Dummy-1   ]: Response from registry: GET https://hub.getdbt.com/api/v1/Snowflake-Labs/dbt_semantic_view.json 200
[0m19:56:30.845614 [info ] [Dummy-1   ]: Updating lock file in file path: /tmp/dbt/package-lock.yml
[0m19:56:30.848095 [debug] [Dummy-1   ]: Set downloads directory='/tmp/dbt-downloads-38r989o1'
[0m19:56:30.849839 [info ] [Dummy-1   ]: Installing Snowflake-Labs/dbt_semantic_view
[0m19:56:31.625175 [info ] [Dummy-1   ]: Installed from version 1.0.3
[0m19:56:31.625862 [info ] [Dummy-1   ]: Up to date!
[0m19:56:31.628052 [debug] [Dummy-1   ]: Resource report: {"command_name": "deps", "command_success": true, "command_wall_clock_time": 1.5254873, "process_in_blocks": "0", "process_kernel_time": 0.92, "process_mem_max_rss": "398636", "process_out_blocks": "0", "process_user_time": 4.16}
[0m19:56:31.628860 [debug] [Dummy-1   ]: Command `cli deps` succeeded at 19:56:31.628554 after 1.53 seconds
[0m19:56:31.629408 [debug] [Dummy-1   ]: Flushing usage events


============================== 20:00:39.141828 | 71036495-5a10-42a7-8261-43f7fa170e10 ==============================
[0m20:00:39.141828 [info ] [Dummy-1   ]: Running with dbt=1.9.4
[0m20:00:39.142970 [debug] [Dummy-1   ]: running dbt with arguments {'printer_width': '80', 'indirect_selection': 'eager', 'write_json': 'True', 'log_cache_events': 'False', 'partial_parse': 'True', 'cache_selected_only': 'False', 'profiles_dir': '/tmp/dbt/', 'version_check': 'True', 'fail_fast': 'False', 'log_path': '/tmp/dbt/logs', 'debug': 'False', 'warn_error': 'None', 'use_colors': 'True', 'use_experimental_parser': 'False', 'no_print': 'None', 'quiet': 'False', 'empty': 'False', 'warn_error_options': 'WarnErrorOptions(include=[], exclude=[])', 'static_parser': 'True', 'introspect': 'True', 'invocation_command': 'dbt ', 'target_path': '/tmp/dbt/target/', 'log_format': 'default', 'send_anonymous_usage_stats': 'False'}
[0m20:00:39.533619 [info ] [Dummy-1   ]: Registered adapter: snowflake=1.9.2
[0m20:00:39.595637 [debug] [Dummy-1   ]: checksum: 53ed91fada2233efb98368d1716b44ab532c83a9c293cf1890b7905d5b45fb25, vars: {}, profile: , target: dev, version: 1.9.4
[0m20:00:39.763679 [info ] [Dummy-1   ]: Unable to do partial parsing because a project dependency has been added
[0m20:00:41.966861 [debug] [Dummy-1   ]: Wrote artifact WritableManifest to /tmp/dbt/target/manifest.json
[0m20:00:41.969701 [debug] [Dummy-1   ]: Wrote artifact SemanticManifest to /tmp/dbt/target/semantic_manifest.json
[0m20:00:42.050546 [info ] [Dummy-1   ]: Found 13 models, 12 sources, 480 macros
[0m20:00:42.054087 [info ] [Dummy-1   ]: 
[0m20:00:42.054861 [info ] [Dummy-1   ]: Concurrency: 4 threads (target='dev')
[0m20:00:42.055454 [info ] [Dummy-1   ]: 
[0m20:00:42.056289 [debug] [Dummy-1   ]: Acquiring new snowflake connection 'master'
[0m20:00:42.063705 [debug] [ThreadPool]: Acquiring new snowflake connection 'list_COCO_LIVE_DB'
[0m20:00:42.176910 [debug] [ThreadPool]: Using snowflake connection "list_COCO_LIVE_DB"
[0m20:00:42.177588 [debug] [ThreadPool]: On list_COCO_LIVE_DB: /* {"app": "dbt", "dbt_version": "1.9.4", "profile_name": "default", "target_name": "dev", "connection_name": "list_COCO_LIVE_DB"} */
show terse schemas in database COCO_LIVE_DB
    limit 10000
[0m20:00:42.178093 [debug] [ThreadPool]: Opening a new connection, currently in state init
[0m20:00:43.360204 [debug] [ThreadPool]: SQL status: SUCCESS 4 in 1.182 seconds
[0m20:00:43.365200 [debug] [ThreadPool]: Re-using an available connection from the pool (formerly list_COCO_LIVE_DB, now list_COCO_LIVE_DB_DBT_MARTS)
[0m20:00:43.387850 [debug] [ThreadPool]: Using snowflake connection "list_COCO_LIVE_DB_DBT_MARTS"
[0m20:00:43.388610 [debug] [ThreadPool]: On list_COCO_LIVE_DB_DBT_MARTS: /* {"app": "dbt", "dbt_version": "1.9.4", "profile_name": "default", "target_name": "dev", "connection_name": "list_COCO_LIVE_DB_DBT_MARTS"} */
alter session set quoted_identifiers_ignore_case = false;
[0m20:00:43.389129 [debug] [ThreadPool]: Opening a new connection, currently in state init
[0m20:00:44.266122 [debug] [ThreadPool]: SQL status: SUCCESS 1 in 0.877 seconds
[0m20:00:44.272129 [debug] [ThreadPool]: Using snowflake connection "list_COCO_LIVE_DB_DBT_MARTS"
[0m20:00:44.272771 [debug] [ThreadPool]: On list_COCO_LIVE_DB_DBT_MARTS: /* {"app": "dbt", "dbt_version": "1.9.4", "profile_name": "default", "target_name": "dev", "connection_name": "list_COCO_LIVE_DB_DBT_MARTS"} */
show objects in COCO_LIVE_DB.DBT_MARTS
    limit 10000
    
;
[0m20:00:44.485972 [debug] [ThreadPool]: SQL status: SUCCESS 11 in 0.212 seconds
[0m20:00:44.489172 [debug] [ThreadPool]: Using snowflake connection "list_COCO_LIVE_DB_DBT_MARTS"
[0m20:00:44.489773 [debug] [ThreadPool]: On list_COCO_LIVE_DB_DBT_MARTS: /* {"app": "dbt", "dbt_version": "1.9.4", "profile_name": "default", "target_name": "dev", "connection_name": "list_COCO_LIVE_DB_DBT_MARTS"} */
alter session unset quoted_identifiers_ignore_case;
[0m20:00:44.665449 [debug] [ThreadPool]: SQL status: SUCCESS 1 in 0.175 seconds
[0m20:00:44.678870 [debug] [Thread-2 (]: Began running node model.coco_demo.sv_assignment_360
[0m20:00:44.679808 [debug] [Thread-3 (]: Began running node model.coco_demo.sv_entity_360
[0m20:00:44.683019 [info ] [Thread-2 (]: 1 of 2 START sql semantic_view model DBT_MARTS.sv_assignment_360 ............... [RUN]
[0m20:00:44.684380 [info ] [Thread-3 (]: 2 of 2 START sql semantic_view model DBT_MARTS.sv_entity_360 ................... [RUN]
[0m20:00:44.685266 [debug] [Thread-2 (]: Re-using an available connection from the pool (formerly list_COCO_LIVE_DB_DBT_MARTS, now model.coco_demo.sv_assignment_360)
[0m20:00:44.686072 [debug] [Thread-3 (]: Acquiring new snowflake connection 'model.coco_demo.sv_entity_360'
[0m20:00:44.686742 [debug] [Thread-2 (]: Began compiling node model.coco_demo.sv_assignment_360
[0m20:00:44.687326 [debug] [Thread-3 (]: Began compiling node model.coco_demo.sv_entity_360
[0m20:00:44.736187 [debug] [Thread-2 (]: Writing injected SQL for node "model.coco_demo.sv_assignment_360"
[0m20:00:44.756386 [debug] [Thread-3 (]: Writing injected SQL for node "model.coco_demo.sv_entity_360"
[0m20:00:44.757738 [debug] [Thread-2 (]: Began executing node model.coco_demo.sv_assignment_360
[0m20:00:44.758572 [debug] [Thread-3 (]: Began executing node model.coco_demo.sv_entity_360
[0m20:00:44.797934 [debug] [Thread-2 (]: Writing runtime sql for node "model.coco_demo.sv_assignment_360"
[0m20:00:44.803743 [debug] [Thread-3 (]: Writing runtime sql for node "model.coco_demo.sv_entity_360"
[0m20:00:44.805903 [debug] [Thread-2 (]: Using snowflake connection "model.coco_demo.sv_assignment_360"
[0m20:00:44.807741 [debug] [Thread-3 (]: Using snowflake connection "model.coco_demo.sv_entity_360"
[0m20:00:44.808649 [debug] [Thread-2 (]: On model.coco_demo.sv_assignment_360: /* {"app": "dbt", "dbt_version": "1.9.4", "profile_name": "default", "target_name": "dev", "node_id": "model.coco_demo.sv_assignment_360"} */
create or replace semantic view COCO_LIVE_DB.DBT_MARTS.sv_assignment_360
  

SELECT
    assignment_id,
    assignment_type,
    combo_name,
    currency,
    segment1,
    segment2,
    segment3,
    entity_id,
    entity_name,
    entity_code,
    status,
    variance_risk,
    reconciliation_status,
    period_id,
    period_end_date,
    period_year,
    period_quarter,
    balance_gl,
    balance_bank,
    balance_subledger,
    total_variance,
    unreconciled_amount,
    reconciliation_count
FROM COCO_LIVE_DB.DBT_MARTS.assignment_360
[0m20:00:44.809436 [debug] [Thread-3 (]: On model.coco_demo.sv_entity_360: /* {"app": "dbt", "dbt_version": "1.9.4", "profile_name": "default", "target_name": "dev", "node_id": "model.coco_demo.sv_entity_360"} */
create or replace semantic view COCO_LIVE_DB.DBT_MARTS.sv_entity_360
  

SELECT
    entity_id,
    entity_code,
    entity_name,
    entity_type,
    parent_name,
    hierarchy_depth,
    variance_risk_level,
    period_id,
    period_end_date,
    period_year,
    period_quarter,
    period_month_num,
    total_assignments,
    active_assignments,
    total_balance_gl,
    total_balance_bank,
    total_variance,
    total_reconciliations,
    total_unreconciled_amount,
    assignment_completion_rate,
    ownership_percentage
FROM COCO_LIVE_DB.DBT_MARTS.entity_360
[0m20:00:44.810092 [debug] [Thread-2 (]: Opening a new connection, currently in state init
[0m20:00:44.810703 [debug] [Thread-3 (]: Opening a new connection, currently in state init
[0m20:00:45.614151 [debug] [Thread-2 (]: Snowflake adapter: Snowflake query id: 01c2af50-0207-ea24-004d-de070ee1750e
[0m20:00:45.614930 [debug] [Thread-2 (]: Snowflake adapter: Snowflake error: 001003 (42000): 01c2af50-0207-ea24-004d-de070ee1750e: SQL compilation error:
syntax error line 4 at position 0 unexpected 'SELECT'.
[0m20:00:45.620857 [debug] [Thread-2 (]: Database Error in model sv_assignment_360 (models/semantic/sv_assignment_360.sql)
  001003 (42000): 01c2af50-0207-ea24-004d-de070ee1750e: SQL compilation error:
  syntax error line 4 at position 0 unexpected 'SELECT'.
  compiled code at /tmp/dbt/target/run/coco_demo/models/semantic/sv_assignment_360.sql
[0m20:00:45.625334 [error] [Thread-2 (]: 1 of 2 ERROR creating sql semantic_view model DBT_MARTS.sv_assignment_360 ...... [[31mERROR[0m in 0.94s]
[0m20:00:45.626523 [debug] [Thread-2 (]: Finished running node model.coco_demo.sv_assignment_360
[0m20:00:45.627508 [debug] [Thread-3 (]: Snowflake adapter: Snowflake query id: 01c2af50-0207-ea24-004d-de070ee17512
[0m20:00:45.629097 [debug] [Thread-8 (]: Marking all children of 'model.coco_demo.sv_assignment_360' to be skipped because of status 'error'.  Reason: Database Error in model sv_assignment_360 (models/semantic/sv_assignment_360.sql)
  001003 (42000): 01c2af50-0207-ea24-004d-de070ee1750e: SQL compilation error:
  syntax error line 4 at position 0 unexpected 'SELECT'.
  compiled code at /tmp/dbt/target/run/coco_demo/models/semantic/sv_assignment_360.sql.
[0m20:00:45.629851 [debug] [Thread-3 (]: Snowflake adapter: Snowflake error: 001003 (42000): 01c2af50-0207-ea24-004d-de070ee17512: SQL compilation error:
syntax error line 4 at position 0 unexpected 'SELECT'.
[0m20:00:45.635990 [debug] [Thread-3 (]: Database Error in model sv_entity_360 (models/semantic/sv_entity_360.sql)
  001003 (42000): 01c2af50-0207-ea24-004d-de070ee17512: SQL compilation error:
  syntax error line 4 at position 0 unexpected 'SELECT'.
  compiled code at /tmp/dbt/target/run/coco_demo/models/semantic/sv_entity_360.sql
[0m20:00:45.637470 [error] [Thread-3 (]: 2 of 2 ERROR creating sql semantic_view model DBT_MARTS.sv_entity_360 .......... [[31mERROR[0m in 0.95s]
[0m20:00:45.638547 [debug] [Thread-3 (]: Finished running node model.coco_demo.sv_entity_360
[0m20:00:45.639841 [debug] [Thread-8 (]: Marking all children of 'model.coco_demo.sv_entity_360' to be skipped because of status 'error'.  Reason: Database Error in model sv_entity_360 (models/semantic/sv_entity_360.sql)
  001003 (42000): 01c2af50-0207-ea24-004d-de070ee17512: SQL compilation error:
  syntax error line 4 at position 0 unexpected 'SELECT'.
  compiled code at /tmp/dbt/target/run/coco_demo/models/semantic/sv_entity_360.sql.
[0m20:00:45.643396 [debug] [Dummy-1   ]: Connection 'master' was properly closed.
[0m20:00:45.643994 [debug] [Dummy-1   ]: Connection 'model.coco_demo.sv_assignment_360' was properly closed.
[0m20:00:45.644464 [debug] [Dummy-1   ]: Connection 'model.coco_demo.sv_entity_360' was properly closed.
[0m20:00:45.645207 [info ] [Dummy-1   ]: 
[0m20:00:45.645900 [info ] [Dummy-1   ]: Finished running 2 semantic view models in 0 hours 0 minutes and 3.59 seconds (3.59s).
[0m20:00:45.647149 [debug] [Dummy-1   ]: Command end result
[0m20:00:45.685398 [debug] [Dummy-1   ]: Wrote artifact WritableManifest to /tmp/dbt/target/manifest.json
[0m20:00:45.688121 [debug] [Dummy-1   ]: Wrote artifact SemanticManifest to /tmp/dbt/target/semantic_manifest.json
[0m20:00:45.696153 [debug] [Dummy-1   ]: Wrote artifact RunExecutionResult to /tmp/dbt/target/run_results.json
[0m20:00:45.696863 [info ] [Dummy-1   ]: 
[0m20:00:45.697672 [info ] [Dummy-1   ]: [31mCompleted with 2 errors, 0 partial successes, and 0 warnings:[0m
[0m20:00:45.698377 [info ] [Dummy-1   ]: 
[0m20:00:45.699187 [error] [Dummy-1   ]:   Database Error in model sv_assignment_360 (models/semantic/sv_assignment_360.sql)
  001003 (42000): 01c2af50-0207-ea24-004d-de070ee1750e: SQL compilation error:
  syntax error line 4 at position 0 unexpected 'SELECT'.
  compiled code at /tmp/dbt/target/run/coco_demo/models/semantic/sv_assignment_360.sql
[0m20:00:45.699798 [info ] [Dummy-1   ]: 
[0m20:00:45.700478 [error] [Dummy-1   ]:   Database Error in model sv_entity_360 (models/semantic/sv_entity_360.sql)
  001003 (42000): 01c2af50-0207-ea24-004d-de070ee17512: SQL compilation error:
  syntax error line 4 at position 0 unexpected 'SELECT'.
  compiled code at /tmp/dbt/target/run/coco_demo/models/semantic/sv_entity_360.sql
[0m20:00:45.701064 [info ] [Dummy-1   ]: 
[0m20:00:45.701682 [info ] [Dummy-1   ]: Done. PASS=0 WARN=0 ERROR=2 SKIP=0 TOTAL=2
[0m20:00:45.703614 [debug] [Dummy-1   ]: Resource report: {"command_name": "build", "command_success": false, "command_wall_clock_time": 6.6648555, "process_in_blocks": "0", "process_kernel_time": 1.12, "process_mem_max_rss": "505740", "process_out_blocks": "0", "process_user_time": 7.17}
[0m20:00:45.704305 [debug] [Dummy-1   ]: Command `cli build` failed at 20:00:45.704028 after 6.67 seconds
[0m20:00:45.704883 [debug] [Dummy-1   ]: Flushing usage events


============================== 20:02:02.039543 | 2c6a0895-397d-49f7-ad3d-96e5f79dbbfc ==============================
[0m20:02:02.039543 [info ] [Dummy-1   ]: Running with dbt=1.9.4
[0m20:02:02.040677 [debug] [Dummy-1   ]: running dbt with arguments {'printer_width': '80', 'indirect_selection': 'eager', 'log_cache_events': 'False', 'write_json': 'True', 'partial_parse': 'True', 'cache_selected_only': 'False', 'profiles_dir': '/tmp/dbt/', 'debug': 'False', 'fail_fast': 'False', 'log_path': '/tmp/dbt/logs', 'version_check': 'True', 'warn_error': 'None', 'use_colors': 'True', 'use_experimental_parser': 'False', 'no_print': 'None', 'quiet': 'False', 'empty': 'False', 'warn_error_options': 'WarnErrorOptions(include=[], exclude=[])', 'invocation_command': 'dbt ', 'introspect': 'True', 'log_format': 'default', 'target_path': '/tmp/dbt/target/', 'static_parser': 'True', 'send_anonymous_usage_stats': 'False'}
[0m20:02:02.433304 [info ] [Dummy-1   ]: Registered adapter: snowflake=1.9.2
[0m20:02:02.495523 [debug] [Dummy-1   ]: checksum: 53ed91fada2233efb98368d1716b44ab532c83a9c293cf1890b7905d5b45fb25, vars: {}, profile: , target: dev, version: 1.9.4
[0m20:02:02.876698 [debug] [Dummy-1   ]: Partial parsing enabled: 0 files deleted, 0 files added, 0 files changed.
[0m20:02:02.877409 [debug] [Dummy-1   ]: Partial parsing enabled, no changes found, skipping parsing
[0m20:02:03.047860 [debug] [Dummy-1   ]: Wrote artifact WritableManifest to /tmp/dbt/target/manifest.json
[0m20:02:03.050764 [debug] [Dummy-1   ]: Wrote artifact SemanticManifest to /tmp/dbt/target/semantic_manifest.json
[0m20:02:03.096208 [info ] [Dummy-1   ]: Found 13 models, 12 sources, 480 macros
[0m20:02:03.099182 [info ] [Dummy-1   ]: 
[0m20:02:03.099932 [info ] [Dummy-1   ]: Concurrency: 4 threads (target='dev')
[0m20:02:03.100511 [info ] [Dummy-1   ]: 
[0m20:02:03.101430 [debug] [Dummy-1   ]: Acquiring new snowflake connection 'master'
[0m20:02:03.109773 [debug] [ThreadPool]: Acquiring new snowflake connection 'list_COCO_LIVE_DB_DBT_MARTS'
[0m20:02:03.230463 [debug] [ThreadPool]: Using snowflake connection "list_COCO_LIVE_DB_DBT_MARTS"
[0m20:02:03.231141 [debug] [ThreadPool]: On list_COCO_LIVE_DB_DBT_MARTS: /* {"app": "dbt", "dbt_version": "1.9.4", "profile_name": "default", "target_name": "dev", "connection_name": "list_COCO_LIVE_DB_DBT_MARTS"} */
alter session set quoted_identifiers_ignore_case = false;
[0m20:02:03.231667 [debug] [ThreadPool]: Opening a new connection, currently in state init
[0m20:02:05.864380 [debug] [ThreadPool]: SQL status: SUCCESS 1 in 2.632 seconds
[0m20:02:05.870413 [debug] [ThreadPool]: Using snowflake connection "list_COCO_LIVE_DB_DBT_MARTS"
[0m20:02:05.871067 [debug] [ThreadPool]: On list_COCO_LIVE_DB_DBT_MARTS: /* {"app": "dbt", "dbt_version": "1.9.4", "profile_name": "default", "target_name": "dev", "connection_name": "list_COCO_LIVE_DB_DBT_MARTS"} */
show objects in COCO_LIVE_DB.DBT_MARTS
    limit 10000
    
;
[0m20:02:06.232982 [debug] [ThreadPool]: SQL status: SUCCESS 11 in 0.361 seconds
[0m20:02:06.236146 [debug] [ThreadPool]: Using snowflake connection "list_COCO_LIVE_DB_DBT_MARTS"
[0m20:02:06.236758 [debug] [ThreadPool]: On list_COCO_LIVE_DB_DBT_MARTS: /* {"app": "dbt", "dbt_version": "1.9.4", "profile_name": "default", "target_name": "dev", "connection_name": "list_COCO_LIVE_DB_DBT_MARTS"} */
alter session unset quoted_identifiers_ignore_case;
[0m20:02:06.569277 [debug] [ThreadPool]: SQL status: SUCCESS 1 in 0.332 seconds
[0m20:02:06.583092 [debug] [Thread-2 (]: Began running node model.coco_demo.sv_entity_360
[0m20:02:06.583996 [debug] [Thread-2 (]: Re-using an available connection from the pool (formerly list_COCO_LIVE_DB_DBT_MARTS, now model.coco_demo.sv_entity_360)
[0m20:02:06.585162 [debug] [Thread-2 (]: Began compiling node model.coco_demo.sv_entity_360
[0m20:02:06.620677 [debug] [Thread-2 (]: Writing injected SQL for node "model.coco_demo.sv_entity_360"
[0m20:02:06.621684 [debug] [Thread-2 (]: Began executing node model.coco_demo.sv_entity_360
[0m20:02:06.622805 [debug] [Thread-2 (]: Finished running node model.coco_demo.sv_entity_360
[0m20:02:06.626082 [debug] [Dummy-1   ]: Connection 'master' was properly closed.
[0m20:02:06.626647 [debug] [Dummy-1   ]: Connection 'model.coco_demo.sv_entity_360' was properly closed.
[0m20:02:06.627606 [debug] [Dummy-1   ]: Command end result
[0m20:02:06.665197 [debug] [Dummy-1   ]: Wrote artifact WritableManifest to /tmp/dbt/target/manifest.json
[0m20:02:06.667771 [debug] [Dummy-1   ]: Wrote artifact SemanticManifest to /tmp/dbt/target/semantic_manifest.json
[0m20:02:06.677192 [debug] [Dummy-1   ]: Wrote artifact RunExecutionResult to /tmp/dbt/target/run_results.json
[0m20:02:06.678025 [info ] [Dummy-1   ]: Compiled node 'sv_entity_360' is:


SELECT
    entity_id,
    entity_code,
    entity_name,
    entity_type,
    parent_name,
    hierarchy_depth,
    variance_risk_level,
    period_id,
    period_end_date,
    period_year,
    period_quarter,
    period_month_num,
    total_assignments,
    active_assignments,
    total_balance_gl,
    total_balance_bank,
    total_variance,
    total_reconciliations,
    total_unreconciled_amount,
    assignment_completion_rate,
    ownership_percentage
FROM COCO_LIVE_DB.DBT_MARTS.entity_360
[0m20:02:06.680057 [debug] [Dummy-1   ]: Resource report: {"command_name": "compile", "command_success": true, "command_wall_clock_time": 4.7456837, "process_in_blocks": "0", "process_kernel_time": 0.96, "process_mem_max_rss": "453132", "process_out_blocks": "0", "process_user_time": 5.26}
[0m20:02:06.680772 [debug] [Dummy-1   ]: Command `cli compile` succeeded at 20:02:06.680498 after 4.75 seconds
[0m20:02:06.681375 [debug] [Dummy-1   ]: Flushing usage events


============================== 20:03:05.590314 | 06ee04ef-e64b-4a47-98d7-abd699e4dea6 ==============================
[0m20:03:05.590314 [info ] [Dummy-1   ]: Running with dbt=1.9.4
[0m20:03:05.591394 [debug] [Dummy-1   ]: running dbt with arguments {'printer_width': '80', 'indirect_selection': 'eager', 'log_cache_events': 'False', 'write_json': 'True', 'partial_parse': 'True', 'cache_selected_only': 'False', 'profiles_dir': '/tmp/dbt/', 'fail_fast': 'False', 'version_check': 'True', 'log_path': '/tmp/dbt/logs', 'warn_error': 'None', 'debug': 'False', 'use_colors': 'True', 'use_experimental_parser': 'False', 'empty': 'False', 'quiet': 'False', 'no_print': 'None', 'warn_error_options': 'WarnErrorOptions(include=[], exclude=[])', 'static_parser': 'True', 'invocation_command': 'dbt ', 'introspect': 'True', 'target_path': '/tmp/dbt/target/', 'log_format': 'default', 'send_anonymous_usage_stats': 'False'}
[0m20:03:05.975300 [info ] [Dummy-1   ]: Registered adapter: snowflake=1.9.2
[0m20:03:06.035261 [debug] [Dummy-1   ]: checksum: 53ed91fada2233efb98368d1716b44ab532c83a9c293cf1890b7905d5b45fb25, vars: {}, profile: , target: dev, version: 1.9.4
[0m20:03:06.412149 [debug] [Dummy-1   ]: Partial parsing enabled: 0 files deleted, 0 files added, 2 files changed.
[0m20:03:06.413290 [debug] [Dummy-1   ]: Partial parsing: updated file: coco_demo://models/semantic/sv_entity_360.sql
[0m20:03:06.414154 [debug] [Dummy-1   ]: Partial parsing: updated file: coco_demo://models/semantic/sv_assignment_360.sql
[0m20:03:07.021067 [debug] [Dummy-1   ]: Wrote artifact WritableManifest to /tmp/dbt/target/manifest.json
[0m20:03:07.023851 [debug] [Dummy-1   ]: Wrote artifact SemanticManifest to /tmp/dbt/target/semantic_manifest.json
[0m20:03:07.106594 [info ] [Dummy-1   ]: Found 13 models, 12 sources, 480 macros
[0m20:03:07.110159 [info ] [Dummy-1   ]: 
[0m20:03:07.110920 [info ] [Dummy-1   ]: Concurrency: 4 threads (target='dev')
[0m20:03:07.111514 [info ] [Dummy-1   ]: 
[0m20:03:07.112337 [debug] [Dummy-1   ]: Acquiring new snowflake connection 'master'
[0m20:03:07.119620 [debug] [ThreadPool]: Acquiring new snowflake connection 'list_COCO_LIVE_DB'
[0m20:03:07.232667 [debug] [ThreadPool]: Using snowflake connection "list_COCO_LIVE_DB"
[0m20:03:07.233322 [debug] [ThreadPool]: On list_COCO_LIVE_DB: /* {"app": "dbt", "dbt_version": "1.9.4", "profile_name": "default", "target_name": "dev", "connection_name": "list_COCO_LIVE_DB"} */
show terse schemas in database COCO_LIVE_DB
    limit 10000
[0m20:03:07.233830 [debug] [ThreadPool]: Opening a new connection, currently in state init
[0m20:03:09.512389 [debug] [ThreadPool]: SQL status: SUCCESS 4 in 2.278 seconds
[0m20:03:09.517504 [debug] [ThreadPool]: Acquiring new snowflake connection 'list_COCO_LIVE_DB_DBT_MARTS'
[0m20:03:09.540927 [debug] [ThreadPool]: Using snowflake connection "list_COCO_LIVE_DB_DBT_MARTS"
[0m20:03:09.541560 [debug] [ThreadPool]: On list_COCO_LIVE_DB_DBT_MARTS: /* {"app": "dbt", "dbt_version": "1.9.4", "profile_name": "default", "target_name": "dev", "connection_name": "list_COCO_LIVE_DB_DBT_MARTS"} */
alter session set quoted_identifiers_ignore_case = false;
[0m20:03:09.542044 [debug] [ThreadPool]: Opening a new connection, currently in state init
[0m20:03:11.186560 [debug] [ThreadPool]: SQL status: SUCCESS 1 in 1.644 seconds
[0m20:03:11.192482 [debug] [ThreadPool]: Using snowflake connection "list_COCO_LIVE_DB_DBT_MARTS"
[0m20:03:11.193111 [debug] [ThreadPool]: On list_COCO_LIVE_DB_DBT_MARTS: /* {"app": "dbt", "dbt_version": "1.9.4", "profile_name": "default", "target_name": "dev", "connection_name": "list_COCO_LIVE_DB_DBT_MARTS"} */
show objects in COCO_LIVE_DB.DBT_MARTS
    limit 10000
    
;
[0m20:03:11.669119 [debug] [ThreadPool]: SQL status: SUCCESS 11 in 0.475 seconds
[0m20:03:11.672069 [debug] [ThreadPool]: Using snowflake connection "list_COCO_LIVE_DB_DBT_MARTS"
[0m20:03:11.672667 [debug] [ThreadPool]: On list_COCO_LIVE_DB_DBT_MARTS: /* {"app": "dbt", "dbt_version": "1.9.4", "profile_name": "default", "target_name": "dev", "connection_name": "list_COCO_LIVE_DB_DBT_MARTS"} */
alter session unset quoted_identifiers_ignore_case;
[0m20:03:12.057329 [debug] [ThreadPool]: SQL status: SUCCESS 1 in 0.384 seconds
[0m20:03:12.070336 [debug] [Thread-2 (]: Began running node model.coco_demo.sv_assignment_360
[0m20:03:12.071179 [debug] [Thread-3 (]: Began running node model.coco_demo.sv_entity_360
[0m20:03:12.072658 [info ] [Thread-2 (]: 1 of 2 START sql semantic_view model DBT_MARTS.sv_assignment_360 ............... [RUN]
[0m20:03:12.073811 [info ] [Thread-3 (]: 2 of 2 START sql semantic_view model DBT_MARTS.sv_entity_360 ................... [RUN]
[0m20:03:12.074667 [debug] [Thread-2 (]: Re-using an available connection from the pool (formerly list_COCO_LIVE_DB_DBT_MARTS, now model.coco_demo.sv_assignment_360)
[0m20:03:12.076615 [debug] [Thread-3 (]: Re-using an available connection from the pool (formerly list_COCO_LIVE_DB, now model.coco_demo.sv_entity_360)
[0m20:03:12.077279 [debug] [Thread-2 (]: Began compiling node model.coco_demo.sv_assignment_360
[0m20:03:12.077860 [debug] [Thread-3 (]: Began compiling node model.coco_demo.sv_entity_360
[0m20:03:12.096256 [debug] [Thread-2 (]: Writing injected SQL for node "model.coco_demo.sv_assignment_360"
[0m20:03:12.110323 [debug] [Thread-3 (]: Writing injected SQL for node "model.coco_demo.sv_entity_360"
[0m20:03:12.111675 [debug] [Thread-2 (]: Began executing node model.coco_demo.sv_assignment_360
[0m20:03:12.117928 [debug] [Thread-3 (]: Began executing node model.coco_demo.sv_entity_360
[0m20:03:12.144218 [debug] [Thread-2 (]: Writing runtime sql for node "model.coco_demo.sv_assignment_360"
[0m20:03:12.156481 [debug] [Thread-3 (]: Writing runtime sql for node "model.coco_demo.sv_entity_360"
[0m20:03:12.162133 [debug] [Thread-2 (]: Using snowflake connection "model.coco_demo.sv_assignment_360"
[0m20:03:12.163879 [debug] [Thread-2 (]: On model.coco_demo.sv_assignment_360: /* {"app": "dbt", "dbt_version": "1.9.4", "profile_name": "default", "target_name": "dev", "node_id": "model.coco_demo.sv_assignment_360"} */
create or replace semantic view COCO_LIVE_DB.DBT_MARTS.sv_assignment_360
  
TABLES(
    COCO_LIVE_DB.DBT_MARTS.assignment_360
        COLUMNS(
            assignment_id COMMENT 'Unique identifier for the reconciliation assignment',
            assignment_type COMMENT 'Type of assignment (Balance, Flux, Activity)',
            combo_name COMMENT 'Account combination name',
            currency COMMENT 'Currency of the assignment',
            segment1 COMMENT 'First account segment',
            segment2 COMMENT 'Second account segment',
            segment3 COMMENT 'Third account segment',
            entity_id COMMENT 'Entity identifier',
            entity_name COMMENT 'Name of the associated entity',
            entity_code COMMENT 'Code of the associated entity',
            status COMMENT 'Current status of the assignment (Active/Inactive)',
            variance_risk COMMENT 'Variance risk classification (High/Medium/Low)',
            reconciliation_status COMMENT 'Current reconciliation status',
            period_id COMMENT 'Period identifier',
            period_end_date COMMENT 'End date of the reconciliation period',
            period_year COMMENT 'Year of the reconciliation period',
            period_quarter COMMENT 'Quarter of the reconciliation period',
            balance_gl COMMENT 'General ledger balance',
            balance_bank COMMENT 'Bank balance',
            balance_subledger COMMENT 'Subledger balance',
            total_variance COMMENT 'Total variance amount',
            unreconciled_amount COMMENT 'Unreconciled amount',
            reconciliation_count COMMENT 'Count of reconciliation records'
        )
        PRIMARY KEY (assignment_id, period_id)
        COMMENT 'Assignment-level 360 view with detailed reconciliation and variance data'
)
DIMENSIONS(
    assignment_360.assignment_id SYNONYMS ('assignment identifier', 'assignment number'),
    assignment_360.assignment_type SYNONYMS ('type', 'assignment category'),
    assignment_360.combo_name SYNONYMS ('combination name', 'account combo'),
    assignment_360.currency SYNONYMS ('currency code', 'transaction currency'),
    assignment_360.segment1 SYNONYMS ('segment 1', 'account segment 1'),
    assignment_360.segment2 SYNONYMS ('segment 2', 'account segment 2'),
    assignment_360.segment3 SYNONYMS ('segment 3', 'account segment 3'),
    assignment_360.entity_id SYNONYMS ('org id'),
    assignment_360.entity_name SYNONYMS ('organization', 'company'),
    assignment_360.entity_code SYNONYMS ('entity number', 'org code'),
    assignment_360.status SYNONYMS ('assignment status', 'current status'),
    assignment_360.variance_risk SYNONYMS ('risk level', 'variance risk level'),
    assignment_360.reconciliation_status SYNONYMS ('recon status', 'reconciliation state'),
    assignment_360.period_end_date SYNONYMS ('period date', 'close date'),
    assignment_360.period_year SYNONYMS ('year', 'fiscal year'),
    assignment_360.period_quarter SYNONYMS ('quarter', 'fiscal quarter')
)
FACTS(
    assignment_360.balance_gl SYNONYMS ('gl balance', 'general ledger'),
    assignment_360.balance_bank SYNONYMS ('bank balance', 'cash balance'),
    assignment_360.balance_subledger SYNONYMS ('subledger balance', 'subsidiary balance'),
    assignment_360.total_variance SYNONYMS ('variance', 'variance amount'),
    assignment_360.unreconciled_amount SYNONYMS ('unreconciled', 'outstanding balance'),
    assignment_360.reconciliation_count SYNONYMS ('recon count', 'number of reconciliations')
)
METRICS(
    sum_gl_balance AS SUM(assignment_360.balance_gl) SYNONYMS ('total gl', 'aggregate gl') COMMENT 'Sum of GL balances',
    sum_bank_balance AS SUM(assignment_360.balance_bank) SYNONYMS ('total bank', 'aggregate bank') COMMENT 'Sum of bank balances',
    sum_variance AS SUM(assignment_360.total_variance) SYNONYMS ('total variance', 'aggregate variance') COMMENT 'Sum of variance amounts',
    sum_unreconciled AS SUM(assignment_360.unreconciled_amount) SYNONYMS ('total unreconciled', 'aggregate unreconciled') COMMENT 'Sum of unreconciled amounts',
    count_assignments AS COUNT(DISTINCT assignment_360.assignment_id) SYNONYMS ('assignment count', 'total assignments') COMMENT 'Count of assignments',
    count_high_risk AS COUNT(CASE WHEN assignment_360.variance_risk = 'High' THEN 1 END) SYNONYMS ('high risk count', 'risky assignments') COMMENT 'Count of high variance risk assignments',
    count_needs_review AS COUNT(CASE WHEN assignment_360.reconciliation_status = 'Needs Review' THEN 1 END) SYNONYMS ('review count', 'needs attention') COMMENT 'Count of assignments needing review',
    avg_variance AS AVG(assignment_360.total_variance) SYNONYMS ('average variance', 'mean variance') COMMENT 'Average variance amount'
)
COMMENT = 'Comprehensive assignment-level 360 view for financial reconciliation analysis'
[0m20:03:12.169198 [debug] [Thread-3 (]: Using snowflake connection "model.coco_demo.sv_entity_360"
[0m20:03:12.169944 [debug] [Thread-2 (]: Opening a new connection, currently in state init
[0m20:03:12.171209 [debug] [Thread-3 (]: On model.coco_demo.sv_entity_360: /* {"app": "dbt", "dbt_version": "1.9.4", "profile_name": "default", "target_name": "dev", "node_id": "model.coco_demo.sv_entity_360"} */
create or replace semantic view COCO_LIVE_DB.DBT_MARTS.sv_entity_360
  
TABLES(
    COCO_LIVE_DB.DBT_MARTS.entity_360
        COLUMNS(
            entity_id COMMENT 'Unique identifier for the organization entity',
            entity_code COMMENT 'Business code for the entity',
            entity_name COMMENT 'Name of the organization entity',
            entity_type COMMENT 'Type classification of the entity',
            parent_name COMMENT 'Name of the parent entity in the hierarchy',
            hierarchy_depth COMMENT 'Depth level in the organization hierarchy',
            variance_risk_level COMMENT 'Risk classification based on variance amount (High/Medium/Low)',
            period_id COMMENT 'Period identifier',
            period_end_date COMMENT 'End date of the reconciliation period',
            period_year COMMENT 'Year of the reconciliation period',
            period_quarter COMMENT 'Quarter of the reconciliation period (1-4)',
            period_month_num COMMENT 'Month number of the reconciliation period (1-12)',
            total_assignments COMMENT 'Total number of reconciliation assignments for the entity',
            active_assignments COMMENT 'Number of currently active assignments',
            total_balance_gl COMMENT 'Total general ledger balance',
            total_balance_bank COMMENT 'Total bank balance',
            total_variance COMMENT 'Total absolute variance amount',
            total_reconciliations COMMENT 'Total number of reconciliation records',
            total_unreconciled_amount COMMENT 'Total amount remaining unreconciled',
            assignment_completion_rate COMMENT 'Percentage of assignments completed',
            ownership_percentage COMMENT 'Ownership percentage of the entity'
        )
        PRIMARY KEY (entity_id, period_id)
        COMMENT 'Entity-level 360 view with aggregated reconciliation metrics by period'
)
DIMENSIONS(
    entity_360.entity_id SYNONYMS ('entity identifier', 'org id'),
    entity_360.entity_code SYNONYMS ('entity number', 'org code'),
    entity_360.entity_name SYNONYMS ('organization name', 'company name', 'entity'),
    entity_360.entity_type SYNONYMS ('organization type', 'entity category'),
    entity_360.parent_name SYNONYMS ('parent entity', 'parent organization'),
    entity_360.hierarchy_depth SYNONYMS ('org level', 'hierarchy level'),
    entity_360.variance_risk_level SYNONYMS ('risk level', 'variance risk', 'risk category'),
    entity_360.period_end_date SYNONYMS ('period date', 'close date', 'reconciliation date'),
    entity_360.period_year SYNONYMS ('year', 'fiscal year'),
    entity_360.period_quarter SYNONYMS ('quarter', 'fiscal quarter'),
    entity_360.period_month_num SYNONYMS ('month', 'period month')
)
FACTS(
    entity_360.total_assignments SYNONYMS ('assignment count', 'number of assignments'),
    entity_360.active_assignments SYNONYMS ('active count', 'in-progress assignments'),
    entity_360.total_balance_gl SYNONYMS ('gl balance', 'general ledger balance'),
    entity_360.total_balance_bank SYNONYMS ('bank balance', 'cash balance'),
    entity_360.total_variance SYNONYMS ('variance amount', 'total variance'),
    entity_360.total_reconciliations SYNONYMS ('reconciliation count', 'number of reconciliations'),
    entity_360.total_unreconciled_amount SYNONYMS ('unreconciled balance', 'outstanding amount'),
    entity_360.assignment_completion_rate SYNONYMS ('completion percentage', 'completion rate'),
    entity_360.ownership_percentage SYNONYMS ('ownership', 'ownership pct')
)
METRICS(
    sum_total_variance AS SUM(entity_360.total_variance) SYNONYMS ('aggregate variance', 'total variance sum') COMMENT 'Sum of all variance amounts',
    sum_unreconciled AS SUM(entity_360.total_unreconciled_amount) SYNONYMS ('total unreconciled', 'aggregate unreconciled') COMMENT 'Sum of all unreconciled amounts',
    avg_completion_rate AS AVG(entity_360.assignment_completion_rate) SYNONYMS ('average completion', 'mean completion rate') COMMENT 'Average assignment completion rate',
    count_entities AS COUNT(DISTINCT entity_360.entity_id) SYNONYMS ('entity count', 'number of entities') COMMENT 'Count of distinct entities',
    count_high_risk_entities AS COUNT(CASE WHEN entity_360.variance_risk_level = 'High' THEN 1 END) SYNONYMS ('high risk count', 'risky entities') COMMENT 'Count of entities with high variance risk',
    sum_gl_balance AS SUM(entity_360.total_balance_gl) SYNONYMS ('total gl', 'aggregate gl balance') COMMENT 'Sum of general ledger balances',
    sum_bank_balance AS SUM(entity_360.total_balance_bank) SYNONYMS ('total bank', 'aggregate bank balance') COMMENT 'Sum of bank balances'
)
COMMENT = 'Comprehensive entity-level 360 view for financial reconciliation analysis'
[0m20:03:12.172332 [debug] [Thread-3 (]: Opening a new connection, currently in state init
[0m20:03:13.585559 [debug] [Thread-2 (]: Snowflake adapter: Snowflake query id: 01c2af53-0207-ea24-004d-de070ee17676
[0m20:03:13.586339 [debug] [Thread-2 (]: Snowflake adapter: Snowflake error: 001003 (42000): 01c2af53-0207-ea24-004d-de070ee17676: SQL compilation error:
syntax error line 5 at position 8 unexpected 'COLUMNS'.
syntax error line 6 at position 34 unexpected ''Unique identifier for the reconciliation assignment''.
syntax error line 6 at position 87 unexpected ','.
[0m20:03:13.592276 [debug] [Thread-2 (]: Database Error in model sv_assignment_360 (models/semantic/sv_assignment_360.sql)
  001003 (42000): 01c2af53-0207-ea24-004d-de070ee17676: SQL compilation error:
  syntax error line 5 at position 8 unexpected 'COLUMNS'.
  syntax error line 6 at position 34 unexpected ''Unique identifier for the reconciliation assignment''.
  syntax error line 6 at position 87 unexpected ','.
  compiled code at /tmp/dbt/target/run/coco_demo/models/semantic/sv_assignment_360.sql
[0m20:03:13.595877 [error] [Thread-2 (]: 1 of 2 ERROR creating sql semantic_view model DBT_MARTS.sv_assignment_360 ...... [[31mERROR[0m in 1.52s]
[0m20:03:13.596935 [debug] [Thread-2 (]: Finished running node model.coco_demo.sv_assignment_360
[0m20:03:13.598502 [debug] [Thread-8 (]: Marking all children of 'model.coco_demo.sv_assignment_360' to be skipped because of status 'error'.  Reason: Database Error in model sv_assignment_360 (models/semantic/sv_assignment_360.sql)
  001003 (42000): 01c2af53-0207-ea24-004d-de070ee17676: SQL compilation error:
  syntax error line 5 at position 8 unexpected 'COLUMNS'.
  syntax error line 6 at position 34 unexpected ''Unique identifier for the reconciliation assignment''.
  syntax error line 6 at position 87 unexpected ','.
  compiled code at /tmp/dbt/target/run/coco_demo/models/semantic/sv_assignment_360.sql.
[0m20:03:13.601690 [debug] [Thread-3 (]: Snowflake adapter: Snowflake query id: 01c2af53-0207-ea24-004d-de070ee1767a
[0m20:03:13.602385 [debug] [Thread-3 (]: Snowflake adapter: Snowflake error: 001003 (42000): 01c2af53-0207-ea24-004d-de070ee1767a: SQL compilation error:
syntax error line 5 at position 8 unexpected 'COLUMNS'.
syntax error line 6 at position 30 unexpected ''Unique identifier for the organization entity''.
syntax error line 6 at position 77 unexpected ','.
[0m20:03:13.607877 [debug] [Thread-3 (]: Database Error in model sv_entity_360 (models/semantic/sv_entity_360.sql)
  001003 (42000): 01c2af53-0207-ea24-004d-de070ee1767a: SQL compilation error:
  syntax error line 5 at position 8 unexpected 'COLUMNS'.
  syntax error line 6 at position 30 unexpected ''Unique identifier for the organization entity''.
  syntax error line 6 at position 77 unexpected ','.
  compiled code at /tmp/dbt/target/run/coco_demo/models/semantic/sv_entity_360.sql
[0m20:03:13.609548 [error] [Thread-3 (]: 2 of 2 ERROR creating sql semantic_view model DBT_MARTS.sv_entity_360 .......... [[31mERROR[0m in 1.53s]
[0m20:03:13.610567 [debug] [Thread-3 (]: Finished running node model.coco_demo.sv_entity_360
[0m20:03:13.611869 [debug] [Thread-8 (]: Marking all children of 'model.coco_demo.sv_entity_360' to be skipped because of status 'error'.  Reason: Database Error in model sv_entity_360 (models/semantic/sv_entity_360.sql)
  001003 (42000): 01c2af53-0207-ea24-004d-de070ee1767a: SQL compilation error:
  syntax error line 5 at position 8 unexpected 'COLUMNS'.
  syntax error line 6 at position 30 unexpected ''Unique identifier for the organization entity''.
  syntax error line 6 at position 77 unexpected ','.
  compiled code at /tmp/dbt/target/run/coco_demo/models/semantic/sv_entity_360.sql.
[0m20:03:13.615430 [debug] [Dummy-1   ]: Connection 'master' was properly closed.
[0m20:03:13.615999 [debug] [Dummy-1   ]: Connection 'model.coco_demo.sv_entity_360' was properly closed.
[0m20:03:13.616470 [debug] [Dummy-1   ]: Connection 'model.coco_demo.sv_assignment_360' was properly closed.
[0m20:03:13.617203 [info ] [Dummy-1   ]: 
[0m20:03:13.617850 [info ] [Dummy-1   ]: Finished running 2 semantic view models in 0 hours 0 minutes and 6.50 seconds (6.50s).
[0m20:03:13.619177 [debug] [Dummy-1   ]: Command end result
[0m20:03:13.654377 [debug] [Dummy-1   ]: Wrote artifact WritableManifest to /tmp/dbt/target/manifest.json
[0m20:03:13.656966 [debug] [Dummy-1   ]: Wrote artifact SemanticManifest to /tmp/dbt/target/semantic_manifest.json
[0m20:03:13.665306 [debug] [Dummy-1   ]: Wrote artifact RunExecutionResult to /tmp/dbt/target/run_results.json
[0m20:03:13.666016 [info ] [Dummy-1   ]: 
[0m20:03:13.666851 [info ] [Dummy-1   ]: [31mCompleted with 2 errors, 0 partial successes, and 0 warnings:[0m
[0m20:03:13.667492 [info ] [Dummy-1   ]: 
[0m20:03:13.668305 [error] [Dummy-1   ]:   Database Error in model sv_assignment_360 (models/semantic/sv_assignment_360.sql)
  001003 (42000): 01c2af53-0207-ea24-004d-de070ee17676: SQL compilation error:
  syntax error line 5 at position 8 unexpected 'COLUMNS'.
  syntax error line 6 at position 34 unexpected ''Unique identifier for the reconciliation assignment''.
  syntax error line 6 at position 87 unexpected ','.
  compiled code at /tmp/dbt/target/run/coco_demo/models/semantic/sv_assignment_360.sql
[0m20:03:13.668982 [info ] [Dummy-1   ]: 
[0m20:03:13.669687 [error] [Dummy-1   ]:   Database Error in model sv_entity_360 (models/semantic/sv_entity_360.sql)
  001003 (42000): 01c2af53-0207-ea24-004d-de070ee1767a: SQL compilation error:
  syntax error line 5 at position 8 unexpected 'COLUMNS'.
  syntax error line 6 at position 30 unexpected ''Unique identifier for the organization entity''.
  syntax error line 6 at position 77 unexpected ','.
  compiled code at /tmp/dbt/target/run/coco_demo/models/semantic/sv_entity_360.sql
[0m20:03:13.670270 [info ] [Dummy-1   ]: 
[0m20:03:13.671007 [info ] [Dummy-1   ]: Done. PASS=0 WARN=0 ERROR=2 SKIP=0 TOTAL=2
[0m20:03:13.672902 [debug] [Dummy-1   ]: Resource report: {"command_name": "build", "command_success": false, "command_wall_clock_time": 8.182656, "process_in_blocks": "0", "process_kernel_time": 1.21, "process_mem_max_rss": "504712", "process_out_blocks": "0", "process_user_time": 5.73}
[0m20:03:13.673598 [debug] [Dummy-1   ]: Command `cli build` failed at 20:03:13.673328 after 8.18 seconds
[0m20:03:13.674165 [debug] [Dummy-1   ]: Flushing usage events


============================== 20:05:42.170745 | fdf58401-7939-4d8f-b8eb-70288a8943b2 ==============================
[0m20:05:42.170745 [info ] [Dummy-1   ]: Running with dbt=1.9.4
[0m20:05:42.171902 [debug] [Dummy-1   ]: running dbt with arguments {'printer_width': '80', 'indirect_selection': 'eager', 'write_json': 'True', 'log_cache_events': 'False', 'partial_parse': 'True', 'cache_selected_only': 'False', 'profiles_dir': '/tmp/dbt/', 'debug': 'False', 'version_check': 'True', 'log_path': '/tmp/dbt/logs', 'warn_error': 'None', 'fail_fast': 'False', 'use_colors': 'True', 'use_experimental_parser': 'False', 'no_print': 'None', 'quiet': 'False', 'empty': 'False', 'log_format': 'default', 'introspect': 'True', 'static_parser': 'True', 'invocation_command': 'dbt ', 'target_path': '/tmp/dbt/target/', 'warn_error_options': 'WarnErrorOptions(include=[], exclude=[])', 'send_anonymous_usage_stats': 'False'}
[0m20:05:42.573758 [info ] [Dummy-1   ]: Registered adapter: snowflake=1.9.2
[0m20:05:42.638087 [debug] [Dummy-1   ]: checksum: 53ed91fada2233efb98368d1716b44ab532c83a9c293cf1890b7905d5b45fb25, vars: {}, profile: , target: dev, version: 1.9.4
[0m20:05:43.026956 [debug] [Dummy-1   ]: Partial parsing enabled: 0 files deleted, 0 files added, 2 files changed.
[0m20:05:43.028088 [debug] [Dummy-1   ]: Partial parsing: updated file: coco_demo://models/semantic/sv_entity_360.sql
[0m20:05:43.028996 [debug] [Dummy-1   ]: Partial parsing: updated file: coco_demo://models/semantic/sv_assignment_360.sql
[0m20:05:43.661347 [debug] [Dummy-1   ]: Wrote artifact WritableManifest to /tmp/dbt/target/manifest.json
[0m20:05:43.664330 [debug] [Dummy-1   ]: Wrote artifact SemanticManifest to /tmp/dbt/target/semantic_manifest.json
[0m20:05:43.753801 [info ] [Dummy-1   ]: Found 13 models, 12 sources, 480 macros
[0m20:05:43.757144 [info ] [Dummy-1   ]: 
[0m20:05:43.757951 [info ] [Dummy-1   ]: Concurrency: 4 threads (target='dev')
[0m20:05:43.758776 [info ] [Dummy-1   ]: 
[0m20:05:43.759685 [debug] [Dummy-1   ]: Acquiring new snowflake connection 'master'
[0m20:05:43.761900 [debug] [ThreadPool]: Acquiring new snowflake connection 'list_COCO_LIVE_DB'
[0m20:05:43.874273 [debug] [ThreadPool]: Using snowflake connection "list_COCO_LIVE_DB"
[0m20:05:43.875018 [debug] [ThreadPool]: On list_COCO_LIVE_DB: /* {"app": "dbt", "dbt_version": "1.9.4", "profile_name": "default", "target_name": "dev", "connection_name": "list_COCO_LIVE_DB"} */
show terse schemas in database COCO_LIVE_DB
    limit 10000
[0m20:05:43.875545 [debug] [ThreadPool]: Opening a new connection, currently in state init
[0m20:05:44.797494 [debug] [ThreadPool]: SQL status: SUCCESS 4 in 0.922 seconds
[0m20:05:44.807954 [debug] [ThreadPool]: Re-using an available connection from the pool (formerly list_COCO_LIVE_DB, now list_COCO_LIVE_DB_DBT_MARTS)
[0m20:05:44.832084 [debug] [ThreadPool]: Using snowflake connection "list_COCO_LIVE_DB_DBT_MARTS"
[0m20:05:44.832751 [debug] [ThreadPool]: On list_COCO_LIVE_DB_DBT_MARTS: /* {"app": "dbt", "dbt_version": "1.9.4", "profile_name": "default", "target_name": "dev", "connection_name": "list_COCO_LIVE_DB_DBT_MARTS"} */
alter session set quoted_identifiers_ignore_case = false;
[0m20:05:44.833268 [debug] [ThreadPool]: Opening a new connection, currently in state init
[0m20:05:45.706987 [debug] [ThreadPool]: SQL status: SUCCESS 1 in 0.873 seconds
[0m20:05:45.713167 [debug] [ThreadPool]: Using snowflake connection "list_COCO_LIVE_DB_DBT_MARTS"
[0m20:05:45.713852 [debug] [ThreadPool]: On list_COCO_LIVE_DB_DBT_MARTS: /* {"app": "dbt", "dbt_version": "1.9.4", "profile_name": "default", "target_name": "dev", "connection_name": "list_COCO_LIVE_DB_DBT_MARTS"} */
show objects in COCO_LIVE_DB.DBT_MARTS
    limit 10000
    
;
[0m20:05:46.028653 [debug] [ThreadPool]: SQL status: SUCCESS 11 in 0.314 seconds
[0m20:05:46.031765 [debug] [ThreadPool]: Using snowflake connection "list_COCO_LIVE_DB_DBT_MARTS"
[0m20:05:46.032391 [debug] [ThreadPool]: On list_COCO_LIVE_DB_DBT_MARTS: /* {"app": "dbt", "dbt_version": "1.9.4", "profile_name": "default", "target_name": "dev", "connection_name": "list_COCO_LIVE_DB_DBT_MARTS"} */
alter session unset quoted_identifiers_ignore_case;
[0m20:05:46.189818 [debug] [ThreadPool]: SQL status: SUCCESS 1 in 0.157 seconds
[0m20:05:46.203689 [debug] [Thread-2 (]: Began running node model.coco_demo.sv_entity_360
[0m20:05:46.204946 [info ] [Thread-2 (]: 1 of 1 START sql semantic_view model DBT_MARTS.sv_entity_360 ................... [RUN]
[0m20:05:46.205828 [debug] [Thread-2 (]: Re-using an available connection from the pool (formerly list_COCO_LIVE_DB_DBT_MARTS, now model.coco_demo.sv_entity_360)
[0m20:05:46.206490 [debug] [Thread-2 (]: Began compiling node model.coco_demo.sv_entity_360
[0m20:05:46.224923 [debug] [Thread-2 (]: Writing injected SQL for node "model.coco_demo.sv_entity_360"
[0m20:05:46.225956 [debug] [Thread-2 (]: Began executing node model.coco_demo.sv_entity_360
[0m20:05:46.259873 [debug] [Thread-2 (]: Writing runtime sql for node "model.coco_demo.sv_entity_360"
[0m20:05:46.266097 [debug] [Thread-2 (]: Using snowflake connection "model.coco_demo.sv_entity_360"
[0m20:05:46.267603 [debug] [Thread-2 (]: On model.coco_demo.sv_entity_360: /* {"app": "dbt", "dbt_version": "1.9.4", "profile_name": "default", "target_name": "dev", "node_id": "model.coco_demo.sv_entity_360"} */
create or replace semantic view COCO_LIVE_DB.DBT_MARTS.sv_entity_360
  
TABLES(
    entity_360 AS COCO_LIVE_DB.DBT_MARTS.entity_360
        PRIMARY KEY (entity_id, period_id)
        WITH SYNONYMS = ('entities', 'organizations')
        COMMENT = 'Entity-level 360 view with aggregated reconciliation metrics by period'
)
FACTS(
    entity_360.total_assignments AS total_assignments
        WITH SYNONYMS = ('assignment count', 'number of assignments')
        COMMENT = 'Total number of reconciliation assignments for the entity',
    entity_360.active_assignments AS active_assignments
        WITH SYNONYMS = ('active count', 'in-progress assignments')
        COMMENT = 'Number of currently active assignments',
    entity_360.total_balance_gl AS total_balance_gl
        WITH SYNONYMS = ('gl balance', 'general ledger balance')
        COMMENT = 'Total general ledger balance',
    entity_360.total_balance_bank AS total_balance_bank
        WITH SYNONYMS = ('bank balance', 'cash balance')
        COMMENT = 'Total bank balance',
    entity_360.total_variance AS total_variance
        WITH SYNONYMS = ('variance amount')
        COMMENT = 'Total absolute variance amount',
    entity_360.total_reconciliations AS total_reconciliations
        WITH SYNONYMS = ('reconciliation count', 'number of reconciliations')
        COMMENT = 'Total number of reconciliation records',
    entity_360.total_unreconciled_amount AS total_unreconciled_amount
        WITH SYNONYMS = ('unreconciled balance', 'outstanding amount')
        COMMENT = 'Total amount remaining unreconciled',
    entity_360.assignment_completion_rate AS assignment_completion_rate
        WITH SYNONYMS = ('completion percentage', 'completion rate')
        COMMENT = 'Percentage of assignments completed',
    entity_360.ownership_percentage AS ownership_percentage
        WITH SYNONYMS = ('ownership', 'ownership pct')
        COMMENT = 'Ownership percentage of the entity'
)
DIMENSIONS(
    entity_360.entity_id AS entity_id
        WITH SYNONYMS = ('entity identifier', 'org id')
        COMMENT = 'Unique identifier for the organization entity',
    entity_360.entity_code AS entity_code
        WITH SYNONYMS = ('entity number', 'org code')
        COMMENT = 'Business code for the entity',
    entity_360.entity_name AS entity_name
        WITH SYNONYMS = ('organization name', 'company name', 'entity')
        COMMENT = 'Name of the organization entity',
    entity_360.entity_type AS entity_type
        WITH SYNONYMS = ('organization type', 'entity category')
        COMMENT = 'Type classification of the entity',
    entity_360.parent_name AS parent_name
        WITH SYNONYMS = ('parent entity', 'parent organization')
        COMMENT = 'Name of the parent entity in the hierarchy',
    entity_360.hierarchy_depth AS hierarchy_depth
        WITH SYNONYMS = ('org level', 'hierarchy level')
        COMMENT = 'Depth level in the organization hierarchy',
    entity_360.variance_risk_level AS variance_risk_level
        WITH SYNONYMS = ('risk level', 'variance risk', 'risk category')
        COMMENT = 'Risk classification based on variance amount (High/Medium/Low)',
    entity_360.period_end_date AS period_end_date
        WITH SYNONYMS = ('period date', 'close date', 'reconciliation date')
        COMMENT = 'End date of the reconciliation period',
    entity_360.period_year AS period_year
        WITH SYNONYMS = ('year', 'fiscal year')
        COMMENT = 'Year of the reconciliation period',
    entity_360.period_quarter AS period_quarter
        WITH SYNONYMS = ('quarter', 'fiscal quarter')
        COMMENT = 'Quarter of the reconciliation period (1-4)',
    entity_360.period_month_num AS period_month_num
        WITH SYNONYMS = ('month', 'period month')
        COMMENT = 'Month number of the reconciliation period (1-12)'
)
METRICS(
    entity_360.sum_total_variance AS SUM(entity_360.total_variance)
        WITH SYNONYMS = ('aggregate variance', 'total variance sum')
        COMMENT = 'Sum of all variance amounts',
    entity_360.sum_unreconciled AS SUM(entity_360.total_unreconciled_amount)
        WITH SYNONYMS = ('total unreconciled', 'aggregate unreconciled')
        COMMENT = 'Sum of all unreconciled amounts',
    entity_360.avg_completion_rate AS AVG(entity_360.assignment_completion_rate)
        WITH SYNONYMS = ('average completion', 'mean completion rate')
        COMMENT = 'Average assignment completion rate',
    entity_360.count_entities AS COUNT(DISTINCT entity_360.entity_id)
        WITH SYNONYMS = ('entity count', 'number of entities')
        COMMENT = 'Count of distinct entities',
    entity_360.count_high_risk_entities AS COUNT(CASE WHEN entity_360.variance_risk_level = 'High' THEN 1 END)
        WITH SYNONYMS = ('high risk count', 'risky entities')
        COMMENT = 'Count of entities with high variance risk',
    entity_360.sum_gl_balance AS SUM(entity_360.total_balance_gl)
        WITH SYNONYMS = ('total gl', 'aggregate gl balance')
        COMMENT = 'Sum of general ledger balances',
    entity_360.sum_bank_balance AS SUM(entity_360.total_balance_bank)
        WITH SYNONYMS = ('total bank', 'aggregate bank balance')
        COMMENT = 'Sum of bank balances'
)
COMMENT = 'Comprehensive entity-level 360 view for financial reconciliation analysis'
[0m20:05:46.268828 [debug] [Thread-2 (]: Opening a new connection, currently in state init
[0m20:05:47.597224 [debug] [Thread-2 (]: SQL status: SUCCESS 1 in 1.328 seconds
[0m20:05:47.611996 [info ] [Thread-2 (]: 1 of 1 OK created sql semantic_view model DBT_MARTS.sv_entity_360 .............. [[32mSUCCESS 1[0m in 1.40s]
[0m20:05:47.613100 [debug] [Thread-2 (]: Finished running node model.coco_demo.sv_entity_360
[0m20:05:47.617225 [debug] [Dummy-1   ]: Connection 'master' was properly closed.
[0m20:05:47.617813 [debug] [Dummy-1   ]: Connection 'model.coco_demo.sv_entity_360' was properly closed.
[0m20:05:47.618651 [info ] [Dummy-1   ]: 
[0m20:05:47.619373 [info ] [Dummy-1   ]: Finished running 1 semantic view model in 0 hours 0 minutes and 3.86 seconds (3.86s).
[0m20:05:47.620452 [debug] [Dummy-1   ]: Command end result
[0m20:05:47.656754 [debug] [Dummy-1   ]: Wrote artifact WritableManifest to /tmp/dbt/target/manifest.json
[0m20:05:47.659570 [debug] [Dummy-1   ]: Wrote artifact SemanticManifest to /tmp/dbt/target/semantic_manifest.json
[0m20:05:47.667943 [debug] [Dummy-1   ]: Wrote artifact RunExecutionResult to /tmp/dbt/target/run_results.json
[0m20:05:47.668816 [info ] [Dummy-1   ]: 
[0m20:05:47.669707 [info ] [Dummy-1   ]: [32mCompleted successfully[0m
[0m20:05:47.670337 [info ] [Dummy-1   ]: 
[0m20:05:47.671029 [info ] [Dummy-1   ]: Done. PASS=1 WARN=0 ERROR=0 SKIP=0 TOTAL=1
[0m20:05:47.672953 [debug] [Dummy-1   ]: Resource report: {"command_name": "build", "command_success": true, "command_wall_clock_time": 5.6079335, "process_in_blocks": "0", "process_kernel_time": 0.95, "process_mem_max_rss": "503620", "process_out_blocks": "0", "process_user_time": 5.93}
[0m20:05:47.673666 [debug] [Dummy-1   ]: Command `cli build` succeeded at 20:05:47.673392 after 5.61 seconds
[0m20:05:47.674245 [debug] [Dummy-1   ]: Flushing usage events


============================== 20:06:10.136536 | 74d234b8-44c4-4351-b728-05abccf88fac ==============================
[0m20:06:10.136536 [info ] [Dummy-1   ]: Running with dbt=1.9.4
[0m20:06:10.137657 [debug] [Dummy-1   ]: running dbt with arguments {'printer_width': '80', 'indirect_selection': 'eager', 'write_json': 'True', 'log_cache_events': 'False', 'partial_parse': 'True', 'cache_selected_only': 'False', 'warn_error': 'None', 'debug': 'False', 'fail_fast': 'False', 'log_path': '/tmp/dbt/logs', 'profiles_dir': '/tmp/dbt/', 'version_check': 'True', 'use_colors': 'True', 'use_experimental_parser': 'False', 'no_print': 'None', 'quiet': 'False', 'empty': 'False', 'warn_error_options': 'WarnErrorOptions(include=[], exclude=[])', 'invocation_command': 'dbt ', 'log_format': 'default', 'static_parser': 'True', 'target_path': '/tmp/dbt/target/', 'introspect': 'True', 'send_anonymous_usage_stats': 'False'}
[0m20:06:10.533607 [info ] [Dummy-1   ]: Registered adapter: snowflake=1.9.2
[0m20:06:10.595842 [debug] [Dummy-1   ]: checksum: 53ed91fada2233efb98368d1716b44ab532c83a9c293cf1890b7905d5b45fb25, vars: {}, profile: , target: dev, version: 1.9.4
[0m20:06:11.002383 [debug] [Dummy-1   ]: Partial parsing enabled: 0 files deleted, 0 files added, 0 files changed.
[0m20:06:11.003056 [debug] [Dummy-1   ]: Partial parsing enabled, no changes found, skipping parsing
[0m20:06:11.175671 [debug] [Dummy-1   ]: Wrote artifact WritableManifest to /tmp/dbt/target/manifest.json
[0m20:06:11.178661 [debug] [Dummy-1   ]: Wrote artifact SemanticManifest to /tmp/dbt/target/semantic_manifest.json
[0m20:06:11.262956 [info ] [Dummy-1   ]: Found 13 models, 12 sources, 480 macros
[0m20:06:11.266088 [info ] [Dummy-1   ]: 
[0m20:06:11.266809 [info ] [Dummy-1   ]: Concurrency: 4 threads (target='dev')
[0m20:06:11.267391 [info ] [Dummy-1   ]: 
[0m20:06:11.268328 [debug] [Dummy-1   ]: Acquiring new snowflake connection 'master'
[0m20:06:11.270451 [debug] [ThreadPool]: Acquiring new snowflake connection 'list_COCO_LIVE_DB'
[0m20:06:11.386205 [debug] [ThreadPool]: Using snowflake connection "list_COCO_LIVE_DB"
[0m20:06:11.386877 [debug] [ThreadPool]: On list_COCO_LIVE_DB: /* {"app": "dbt", "dbt_version": "1.9.4", "profile_name": "default", "target_name": "dev", "connection_name": "list_COCO_LIVE_DB"} */
show terse schemas in database COCO_LIVE_DB
    limit 10000
[0m20:06:11.387395 [debug] [ThreadPool]: Opening a new connection, currently in state init
[0m20:06:12.258681 [debug] [ThreadPool]: SQL status: SUCCESS 4 in 0.871 seconds
[0m20:06:12.269008 [debug] [ThreadPool]: Re-using an available connection from the pool (formerly list_COCO_LIVE_DB, now list_COCO_LIVE_DB_DBT_MARTS)
[0m20:06:12.293243 [debug] [ThreadPool]: Using snowflake connection "list_COCO_LIVE_DB_DBT_MARTS"
[0m20:06:12.293879 [debug] [ThreadPool]: On list_COCO_LIVE_DB_DBT_MARTS: /* {"app": "dbt", "dbt_version": "1.9.4", "profile_name": "default", "target_name": "dev", "connection_name": "list_COCO_LIVE_DB_DBT_MARTS"} */
alter session set quoted_identifiers_ignore_case = false;
[0m20:06:12.294367 [debug] [ThreadPool]: Opening a new connection, currently in state init
[0m20:06:13.230558 [debug] [ThreadPool]: SQL status: SUCCESS 1 in 0.936 seconds
[0m20:06:13.236442 [debug] [ThreadPool]: Using snowflake connection "list_COCO_LIVE_DB_DBT_MARTS"
[0m20:06:13.237095 [debug] [ThreadPool]: On list_COCO_LIVE_DB_DBT_MARTS: /* {"app": "dbt", "dbt_version": "1.9.4", "profile_name": "default", "target_name": "dev", "connection_name": "list_COCO_LIVE_DB_DBT_MARTS"} */
show objects in COCO_LIVE_DB.DBT_MARTS
    limit 10000
    
;
[0m20:06:13.424108 [debug] [ThreadPool]: SQL status: SUCCESS 12 in 0.186 seconds
[0m20:06:13.427180 [debug] [ThreadPool]: Using snowflake connection "list_COCO_LIVE_DB_DBT_MARTS"
[0m20:06:13.427773 [debug] [ThreadPool]: On list_COCO_LIVE_DB_DBT_MARTS: /* {"app": "dbt", "dbt_version": "1.9.4", "profile_name": "default", "target_name": "dev", "connection_name": "list_COCO_LIVE_DB_DBT_MARTS"} */
alter session unset quoted_identifiers_ignore_case;
[0m20:06:13.598387 [debug] [ThreadPool]: SQL status: SUCCESS 1 in 0.170 seconds
[0m20:06:13.611930 [debug] [Thread-2 (]: Began running node model.coco_demo.sv_assignment_360
[0m20:06:13.613563 [info ] [Thread-2 (]: 1 of 1 START sql semantic_view model DBT_MARTS.sv_assignment_360 ............... [RUN]
[0m20:06:13.614514 [debug] [Thread-2 (]: Re-using an available connection from the pool (formerly list_COCO_LIVE_DB_DBT_MARTS, now model.coco_demo.sv_assignment_360)
[0m20:06:13.615136 [debug] [Thread-2 (]: Began compiling node model.coco_demo.sv_assignment_360
[0m20:06:13.633738 [debug] [Thread-2 (]: Writing injected SQL for node "model.coco_demo.sv_assignment_360"
[0m20:06:13.634765 [debug] [Thread-2 (]: Began executing node model.coco_demo.sv_assignment_360
[0m20:06:13.667442 [debug] [Thread-2 (]: Writing runtime sql for node "model.coco_demo.sv_assignment_360"
[0m20:06:13.673869 [debug] [Thread-2 (]: Using snowflake connection "model.coco_demo.sv_assignment_360"
[0m20:06:13.675266 [debug] [Thread-2 (]: On model.coco_demo.sv_assignment_360: /* {"app": "dbt", "dbt_version": "1.9.4", "profile_name": "default", "target_name": "dev", "node_id": "model.coco_demo.sv_assignment_360"} */
create or replace semantic view COCO_LIVE_DB.DBT_MARTS.sv_assignment_360
  
TABLES(
    assignment_360 AS COCO_LIVE_DB.DBT_MARTS.assignment_360
        PRIMARY KEY (assignment_id, period_id)
        WITH SYNONYMS = ('assignments', 'reconciliations')
        COMMENT = 'Assignment-level 360 view with detailed reconciliation and variance data'
)
FACTS(
    assignment_360.balance_gl AS balance_gl
        WITH SYNONYMS = ('gl balance', 'general ledger')
        COMMENT = 'General ledger balance',
    assignment_360.balance_bank AS balance_bank
        WITH SYNONYMS = ('bank balance', 'cash balance')
        COMMENT = 'Bank balance',
    assignment_360.balance_subledger AS balance_subledger
        WITH SYNONYMS = ('subledger balance', 'subsidiary balance')
        COMMENT = 'Subledger balance',
    assignment_360.total_variance AS total_variance
        WITH SYNONYMS = ('variance', 'variance amount')
        COMMENT = 'Total variance amount',
    assignment_360.unreconciled_amount AS unreconciled_amount
        WITH SYNONYMS = ('unreconciled', 'outstanding balance')
        COMMENT = 'Unreconciled amount',
    assignment_360.reconciliation_count AS reconciliation_count
        WITH SYNONYMS = ('recon count', 'number of reconciliations')
        COMMENT = 'Count of reconciliation records'
)
DIMENSIONS(
    assignment_360.assignment_id AS assignment_id
        WITH SYNONYMS = ('assignment identifier', 'assignment number')
        COMMENT = 'Unique identifier for the reconciliation assignment',
    assignment_360.assignment_type AS assignment_type
        WITH SYNONYMS = ('type', 'assignment category')
        COMMENT = 'Type of assignment (Balance, Flux, Activity)',
    assignment_360.combo_name AS combo_name
        WITH SYNONYMS = ('combination name', 'account combo')
        COMMENT = 'Account combination name',
    assignment_360.currency AS currency
        WITH SYNONYMS = ('currency code', 'transaction currency')
        COMMENT = 'Currency of the assignment',
    assignment_360.segment1 AS segment1
        WITH SYNONYMS = ('segment 1', 'account segment 1')
        COMMENT = 'First account segment',
    assignment_360.segment2 AS segment2
        WITH SYNONYMS = ('segment 2', 'account segment 2')
        COMMENT = 'Second account segment',
    assignment_360.segment3 AS segment3
        WITH SYNONYMS = ('segment 3', 'account segment 3')
        COMMENT = 'Third account segment',
    assignment_360.entity_id AS entity_id
        WITH SYNONYMS = ('org id')
        COMMENT = 'Entity identifier',
    assignment_360.entity_name AS entity_name
        WITH SYNONYMS = ('organization', 'company')
        COMMENT = 'Name of the associated entity',
    assignment_360.entity_code AS entity_code
        WITH SYNONYMS = ('entity number', 'org code')
        COMMENT = 'Code of the associated entity',
    assignment_360.status AS status
        WITH SYNONYMS = ('assignment status', 'current status')
        COMMENT = 'Current status of the assignment (Active/Inactive)',
    assignment_360.variance_risk AS variance_risk
        WITH SYNONYMS = ('risk level', 'variance risk level')
        COMMENT = 'Variance risk classification (High/Medium/Low)',
    assignment_360.reconciliation_status AS reconciliation_status
        WITH SYNONYMS = ('recon status', 'reconciliation state')
        COMMENT = 'Current reconciliation status',
    assignment_360.period_end_date AS period_end_date
        WITH SYNONYMS = ('period date', 'close date')
        COMMENT = 'End date of the reconciliation period',
    assignment_360.period_year AS period_year
        WITH SYNONYMS = ('year', 'fiscal year')
        COMMENT = 'Year of the reconciliation period',
    assignment_360.period_quarter AS period_quarter
        WITH SYNONYMS = ('quarter', 'fiscal quarter')
        COMMENT = 'Quarter of the reconciliation period'
)
METRICS(
    assignment_360.sum_gl_balance AS SUM(assignment_360.balance_gl)
        WITH SYNONYMS = ('total gl', 'aggregate gl')
        COMMENT = 'Sum of GL balances',
    assignment_360.sum_bank_balance AS SUM(assignment_360.balance_bank)
        WITH SYNONYMS = ('total bank', 'aggregate bank')
        COMMENT = 'Sum of bank balances',
    assignment_360.sum_variance AS SUM(assignment_360.total_variance)
        WITH SYNONYMS = ('total variance', 'aggregate variance')
        COMMENT = 'Sum of variance amounts',
    assignment_360.sum_unreconciled AS SUM(assignment_360.unreconciled_amount)
        WITH SYNONYMS = ('total unreconciled', 'aggregate unreconciled')
        COMMENT = 'Sum of unreconciled amounts',
    assignment_360.count_assignments AS COUNT(DISTINCT assignment_360.assignment_id)
        WITH SYNONYMS = ('assignment count', 'total assignments')
        COMMENT = 'Count of assignments',
    assignment_360.count_high_risk AS COUNT(CASE WHEN assignment_360.variance_risk = 'High' THEN 1 END)
        WITH SYNONYMS = ('high risk count', 'risky assignments')
        COMMENT = 'Count of high variance risk assignments',
    assignment_360.count_needs_review AS COUNT(CASE WHEN assignment_360.reconciliation_status = 'Needs Review' THEN 1 END)
        WITH SYNONYMS = ('review count', 'needs attention')
        COMMENT = 'Count of assignments needing review',
    assignment_360.avg_variance AS AVG(assignment_360.total_variance)
        WITH SYNONYMS = ('average variance', 'mean variance')
        COMMENT = 'Average variance amount'
)
COMMENT = 'Comprehensive assignment-level 360 view for financial reconciliation analysis'
[0m20:06:13.676331 [debug] [Thread-2 (]: Opening a new connection, currently in state init
[0m20:06:15.700071 [debug] [Thread-2 (]: SQL status: SUCCESS 1 in 2.024 seconds
[0m20:06:15.714652 [info ] [Thread-2 (]: 1 of 1 OK created sql semantic_view model DBT_MARTS.sv_assignment_360 .......... [[32mSUCCESS 1[0m in 2.10s]
[0m20:06:15.715697 [debug] [Thread-2 (]: Finished running node model.coco_demo.sv_assignment_360
[0m20:06:15.719525 [debug] [Dummy-1   ]: Connection 'master' was properly closed.
[0m20:06:15.720134 [debug] [Dummy-1   ]: Connection 'model.coco_demo.sv_assignment_360' was properly closed.
[0m20:06:15.720824 [info ] [Dummy-1   ]: 
[0m20:06:15.721551 [info ] [Dummy-1   ]: Finished running 1 semantic view model in 0 hours 0 minutes and 4.45 seconds (4.45s).
[0m20:06:15.722627 [debug] [Dummy-1   ]: Command end result
[0m20:06:15.758549 [debug] [Dummy-1   ]: Wrote artifact WritableManifest to /tmp/dbt/target/manifest.json
[0m20:06:15.761145 [debug] [Dummy-1   ]: Wrote artifact SemanticManifest to /tmp/dbt/target/semantic_manifest.json
[0m20:06:15.769417 [debug] [Dummy-1   ]: Wrote artifact RunExecutionResult to /tmp/dbt/target/run_results.json
[0m20:06:15.770134 [info ] [Dummy-1   ]: 
[0m20:06:15.770992 [info ] [Dummy-1   ]: [32mCompleted successfully[0m
[0m20:06:15.771616 [info ] [Dummy-1   ]: 
[0m20:06:15.772270 [info ] [Dummy-1   ]: Done. PASS=1 WARN=0 ERROR=0 SKIP=0 TOTAL=1
[0m20:06:15.774167 [debug] [Dummy-1   ]: Resource report: {"command_name": "build", "command_success": true, "command_wall_clock_time": 5.7420554, "process_in_blocks": "0", "process_kernel_time": 1.21, "process_mem_max_rss": "456096", "process_out_blocks": "0", "process_user_time": 5.25}
[0m20:06:15.774890 [debug] [Dummy-1   ]: Command `cli build` succeeded at 20:06:15.774611 after 5.74 seconds
[0m20:06:15.775464 [debug] [Dummy-1   ]: Flushing usage events
